"Stimulus","Participant","Age","Sex","Sexual_Orientation","Religion","Religion_Spirituality","Religion_Activity","Education","Nationality","Ethnicity","Date","Time","Duration_Questionnaires","Duration_Task","Screen_Resolution","Screen_Size","Screen_Refresh","Browser","Browser_Version","Device","Device_OS","Block1_Trial","Questionnaire_RT","PhysicalAttractiveness","GeneralAttractiveness","Trustworthy","Familiar","Block2_Trial","Real","Realness_RT","SimulationMonitoring","Stimulus_Sex","Stimulus_SameSex","IPIP6_Extraversion","IPIP6_Conscientiousness","IPIP6_Neuroticism","IPIP6_Openness","IPIP6_HonestyHumility","IPIP6_Agreeableness","Social_Anxiety","Social_Phobia","AI_1_RealisticImages","AI_2_Unethical","AI_3_VideosReal","AI_4_DailyLife","AI_5_ImitatingReality","AI_6_Dangerous","AI_7_RealisticVideos","AI_8_Exciting","AI_9_Applications","AI_10_FaceErrors","FFNI_AcclaimSeeking","FFNI_Arrogance","FFNI_Authoritativeness","FFNI_Distrust","FFNI_Entitlement","FFNI_Exhibitionism","FFNI_Exploitativeness","FFNI_GrandioseFantasies","FFNI_Indifference","FFNI_LackOfEmpathy","FFNI_Manipulativeness","FFNI_NeedForAdmiration","FFNI_ReactiveAnger","FFNI_Shame","FFNI_ThrillSeeking","SelfAttractiveness1","SelfAttractiveness2","GPTS_Reference","GPTS_Persecution","IUS_ProspectiveAnxiety","IUS_InhibitoryAnxiety","Attention_Check1","Attention_Check2","Attention_Check3","Norms_Dominant","Norms_Trustworthy","Norms_Smart","Norms_Warm","Norms_Attractive"
"NF-1001.jpg","5d7f8ffae664ab001967d9d3_7mrcg",26,"Male","Homosexual","No Religion",0,0,"High School","Estonia","Caucasian","01/09/2022","12:40:11",4.83090166666607,11.4835616666714,"1920x1080",2.0736,60.02,"chrome","104.0.0","Desktop","Windows 10",73,4246.59999996424,0.140072,0.130074,0.5,1e-04,7,0.10008,1544.09999996424,-0.8,"Female","Opposite",0.2125,0.4625,0.4925,1,0.535,0.9475,0.551666666666667,0.568333333333333,0.79,0.38,0,1,0.32,0.61,0.63,0.78,1,0.31,0.625,0.46,0.52,0.375,0.565,0.4,0.325,0.61,0.485,0.155,0.475,0.66,0.46,0.625,0.27,0.74,0.67,0.0875,0.288,0.582857142857143,0.626,1,1,1,3.27,3.84,3.75,4.02,3.27
"NF-1002.jpg","5d7f8ffae664ab001967d9d3_7mrcg",26,"Male","Homosexual","No Religion",0,0,"High School","Estonia","Caucasian","01/09/2022","12:40:11",4.83090166666607,11.4835616666714,"1920x1080",2.0736,60.02,"chrome","104.0.0","Desktop","Windows 10",6,6294.30000001192,0.360028,0.390022,0.619976,0.579984,36,0.689962,1129.30000001192,0.38,"Female","Opposite",0.2125,0.4625,0.4925,1,0.535,0.9475,0.551666666666667,0.568333333333333,0.79,0.38,0,1,0.32,0.61,0.63,0.78,1,0.31,0.625,0.46,0.52,0.375,0.565,0.4,0.325,0.61,0.485,0.155,0.475,0.66,0.46,0.625,0.27,0.74,0.67,0.0875,0.288,0.582857142857143,0.626,1,1,1,2.75,4,4.43,3.55,4.05
"NF-1003.jpg","5d7f8ffae664ab001967d9d3_7mrcg",26,"Male","Homosexual","No Religion",0,0,"High School","Estonia","Caucasian","01/09/2022","12:40:11",4.83090166666607,11.4835616666714,"1920x1080",2.0736,60.02,"chrome","104.0.0","Desktop","Windows 10",28,4538.39999997616,0.839932,0.559988,0.789942,1e-04,31,0.9999,1220.5,1,"Female","Opposite",0.2125,0.4625,0.4925,1,0.535,0.9475,0.551666666666667,0.568333333333333,0.79,0.38,0,1,0.32,0.61,0.63,0.78,1,0.31,0.625,0.46,0.52,0.375,0.565,0.4,0.325,0.61,0.485,0.155,0.475,0.66,0.46,0.625,0.27,0.74,0.67,0.0875,0.288,0.582857142857143,0.626,1,1,1,3.28,4.19,4.47,3.86,5.07
"NF-1004.jpg","5d7f8ffae664ab001967d9d3_7mrcg",26,"Male","Homosexual","No Religion",0,0,"High School","Estonia","Caucasian","01/09/2022","12:40:11",4.83090166666607,11.4835616666714,"1920x1080",2.0736,60.02,"chrome","104.0.0","Desktop","Windows 10",51,5454.39999997616,0.759948,0.739952,0.759948,1e-04,28,0.739952,1886.80000001192,0.48,"Female","Opposite",0.2125,0.4625,0.4925,1,0.535,0.9475,0.551666666666667,0.568333333333333,0.79,0.38,0,1,0.32,0.61,0.63,0.78,1,0.31,0.625,0.46,0.52,0.375,0.565,0.4,0.325,0.61,0.485,0.155,0.475,0.66,0.46,0.625,0.27,0.74,0.67,0.0875,0.288,0.582857142857143,0.626,1,1,1,2.96,4.9,4.63,5.29,4.29
"NF-1005.jpg","5d7f8ffae664ab001967d9d3_7mrcg",26,"Male","Homosexual","No Religion",0,0,"High School","Estonia","Caucasian","01/09/2022","12:40:11",4.83090166666607,11.4835616666714,"1920x1080",2.0736,60.02,"chrome","104.0.0","Desktop","Windows 10",65,3893.80000001192,0.619976,0.330034,0.64997,0.010098,55,0.729954,1274.70000004768,0.46,"Female","Opposite",0.2125,0.4625,0.4925,1,0.535,0.9475,0.551666666666667,0.568333333333333,0.79,0.38,0,1,0.32,0.61,0.63,0.78,1,0.31,0.625,0.46,0.52,0.375,0.565,0.4,0.325,0.61,0.485,0.155,0.475,0.66,0.46,0.625,0.27,0.74,0.67,0.0875,0.288,0.582857142857143,0.626,1,1,1,2.88,4.39,4.8,4.04,5.24
"NF-1006.jpg","5d7f8ffae664ab001967d9d3_7mrcg",26,"Male","Homosexual","No Religion",0,0,"High School","Estonia","Caucasian","01/09/2022","12:40:11",4.83090166666607,11.4835616666714,"1920x1080",2.0736,60.02,"chrome","104.0.0","Desktop","Windows 10",19,8015.30000001192,0.190062,0.25005,0.509998,1e-04,23,0.889922,1722.30000001192,0.78,"Female","Opposite",0.2125,0.4625,0.4925,1,0.535,0.9475,0.551666666666667,0.568333333333333,0.79,0.38,0,1,0.32,0.61,0.63,0.78,1,0.31,0.625,0.46,0.52,0.375,0.565,0.4,0.325,0.61,0.485,0.155,0.475,0.66,0.46,0.625,0.27,0.74,0.67,0.0875,0.288,0.582857142857143,0.626,1,1,1,3.52,4.16,4.5,3.34,3.42
"NF-1008.jpg","5d7f8ffae664ab001967d9d3_7mrcg",26,"Male","Homosexual","No Religion",0,0,"High School","Estonia","Caucasian","01/09/2022","12:40:11",4.83090166666607,11.4835616666714,"1920x1080",2.0736,60.02,"chrome","104.0.0","Desktop","Windows 10",42,3962.60000002384,0.320036,0.320036,0.380024,1e-04,60,0.120076,1277.5,-0.76,"Female","Opposite",0.2125,0.4625,0.4925,1,0.535,0.9475,0.551666666666667,0.568333333333333,0.79,0.38,0,1,0.32,0.61,0.63,0.78,1,0.31,0.625,0.46,0.52,0.375,0.565,0.4,0.325,0.61,0.485,0.155,0.475,0.66,0.46,0.625,0.27,0.74,0.67,0.0875,0.288,0.582857142857143,0.626,1,1,1,2.05,4.45,4.36,4.5,4.95
"NF-1009.jpg","5d7f8ffae664ab001967d9d3_7mrcg",26,"Male","Homosexual","No Religion",0,0,"High School","Estonia","Caucasian","01/09/2022","12:40:11",4.83090166666607,11.4835616666714,"1920x1080",2.0736,60.02,"chrome","104.0.0","Desktop","Windows 10",40,4061.29999995232,0.759948,0.629974,0.669966,1e-04,97,0.390022,1303.19999998808,-0.22,"Female","Opposite",0.2125,0.4625,0.4925,1,0.535,0.9475,0.551666666666667,0.568333333333333,0.79,0.38,0,1,0.32,0.61,0.63,0.78,1,0.31,0.625,0.46,0.52,0.375,0.565,0.4,0.325,0.61,0.485,0.155,0.475,0.66,0.46,0.625,0.27,0.74,0.67,0.0875,0.288,0.582857142857143,0.626,1,1,1,2.94,4.62,4.92,4.96,4.9
"NF-1012.jpg","5d7f8ffae664ab001967d9d3_7mrcg",26,"Male","Homosexual","No Religion",0,0,"High School","Estonia","Caucasian","01/09/2022","12:40:11",4.83090166666607,11.4835616666714,"1920x1080",2.0736,60.02,"chrome","104.0.0","Desktop","Windows 10",30,4683.69999998808,0.330034,0.20006,0.669966,1e-04,39,0.579984,1569.39999997616,0.16,"Female","Opposite",0.2125,0.4625,0.4925,1,0.535,0.9475,0.551666666666667,0.568333333333333,0.79,0.38,0,1,0.32,0.61,0.63,0.78,1,0.31,0.625,0.46,0.52,0.375,0.565,0.4,0.325,0.61,0.485,0.155,0.475,0.66,0.46,0.625,0.27,0.74,0.67,0.0875,0.288,0.582857142857143,0.626,1,1,1,2.98,4.22,4.36,4.24,4.31
"NF-1013.jpg","5d7f8ffae664ab001967d9d3_7mrcg",26,"Male","Homosexual","No Religion",0,0,"High School","Estonia","Caucasian","01/09/2022","12:40:11",4.83090166666607,11.4835616666714,"1920x1080",2.0736,60.02,"chrome","104.0.0","Desktop","Windows 10",106,6764.69999998808,0.330034,0.310038,0.5,1e-04,9,1e-04,1592.5,-1,"Female","Opposite",0.2125,0.4625,0.4925,1,0.535,0.9475,0.551666666666667,0.568333333333333,0.79,0.38,0,1,0.32,0.61,0.63,0.78,1,0.31,0.625,0.46,0.52,0.375,0.565,0.4,0.325,0.61,0.485,0.155,0.475,0.66,0.46,0.625,0.27,0.74,0.67,0.0875,0.288,0.582857142857143,0.626,1,1,1,3.58,3.92,4.72,2.92,4.6
"NF-1014.jpg","5d7f8ffae664ab001967d9d3_7mrcg",26,"Male","Homosexual","No Religion",0,0,"High School","Estonia","Caucasian","01/09/2022","12:40:11",4.83090166666607,11.4835616666714,"1920x1080",2.0736,60.02,"chrome","104.0.0","Desktop","Windows 10",82,4338.10000002384,0.639972,0.30004,0.589982,0.040092,102,0.629974,1497.30000001192,0.26,"Female","Opposite",0.2125,0.4625,0.4925,1,0.535,0.9475,0.551666666666667,0.568333333333333,0.79,0.38,0,1,0.32,0.61,0.63,0.78,1,0.31,0.625,0.46,0.52,0.375,0.565,0.4,0.325,0.61,0.485,0.155,0.475,0.66,0.46,0.625,0.27,0.74,0.67,0.0875,0.288,0.582857142857143,0.626,1,1,1,2.83,4.4,4.54,4.71,4.16
"NF-1015.jpg","5d7f8ffae664ab001967d9d3_7mrcg",26,"Male","Homosexual","No Religion",0,0,"High School","Estonia","Caucasian","01/09/2022","12:40:11",4.83090166666607,11.4835616666714,"1920x1080",2.0736,60.02,"chrome","104.0.0","Desktop","Windows 10",54,4888,0.40002,0.390022,0.5,1e-04,47,0.69996,1908.90000003576,0.4,"Female","Opposite",0.2125,0.4625,0.4925,1,0.535,0.9475,0.551666666666667,0.568333333333333,0.79,0.38,0,1,0.32,0.61,0.63,0.78,1,0.31,0.625,0.46,0.52,0.375,0.565,0.4,0.325,0.61,0.485,0.155,0.475,0.66,0.46,0.625,0.27,0.74,0.67,0.0875,0.288,0.582857142857143,0.626,1,1,1,3.57,4.48,4.89,4.26,4.63
"NF-1016.jpg","5d7f8ffae664ab001967d9d3_7mrcg",26,"Male","Homosexual","No Religion",0,0,"High School","Estonia","Caucasian","01/09/2022","12:40:11",4.83090166666607,11.4835616666714,"1920x1080",2.0736,60.02,"chrome","104.0.0","Desktop","Windows 10",1,6788.10000002384,0.669966,0.5,0.69996,0.30004,74,0.160068,1174.10000002384,-0.68,"Female","Opposite",0.2125,0.4625,0.4925,1,0.535,0.9475,0.551666666666667,0.568333333333333,0.79,0.38,0,1,0.32,0.61,0.63,0.78,1,0.31,0.625,0.46,0.52,0.375,0.565,0.4,0.325,0.61,0.485,0.155,0.475,0.66,0.46,0.625,0.27,0.74,0.67,0.0875,0.288,0.582857142857143,0.626,1,1,1,3.43,4,4.52,4.3,5.2
"NF-1017.jpg","5d7f8ffae664ab001967d9d3_7mrcg",26,"Male","Homosexual","No Religion",0,0,"High School","Estonia","Caucasian","01/09/2022","12:40:11",4.83090166666607,11.4835616666714,"1920x1080",2.0736,60.02,"chrome","104.0.0","Desktop","Windows 10",101,4495.80000001192,0.609978,0.569986,0.460008,1e-04,106,0.809938,1090.20000004768,0.62,"Female","Opposite",0.2125,0.4625,0.4925,1,0.535,0.9475,0.551666666666667,0.568333333333333,0.79,0.38,0,1,0.32,0.61,0.63,0.78,1,0.31,0.625,0.46,0.52,0.375,0.565,0.4,0.325,0.61,0.485,0.155,0.475,0.66,0.46,0.625,0.27,0.74,0.67,0.0875,0.288,0.582857142857143,0.626,1,1,1,3.8,4.13,4.15,3.3,5.04
"NF-1018.jpg","5d7f8ffae664ab001967d9d3_7mrcg",26,"Male","Homosexual","No Religion",0,0,"High School","Estonia","Caucasian","01/09/2022","12:40:11",4.83090166666607,11.4835616666714,"1920x1080",2.0736,60.02,"chrome","104.0.0","Desktop","Windows 10",70,3874.19999998808,0.659968,0.619976,0.45001,0.030094,45,0.929914,3781.5,0.86,"Female","Opposite",0.2125,0.4625,0.4925,1,0.535,0.9475,0.551666666666667,0.568333333333333,0.79,0.38,0,1,0.32,0.61,0.63,0.78,1,0.31,0.625,0.46,0.52,0.375,0.565,0.4,0.325,0.61,0.485,0.155,0.475,0.66,0.46,0.625,0.27,0.74,0.67,0.0875,0.288,0.582857142857143,0.626,1,1,1,3.22,4.88,5.06,5.06,5.47
"NF-1020.jpg","5d7f8ffae664ab001967d9d3_7mrcg",26,"Male","Homosexual","No Religion",0,0,"High School","Estonia","Caucasian","01/09/2022","12:40:11",4.83090166666607,11.4835616666714,"1920x1080",2.0736,60.02,"chrome","104.0.0","Desktop","Windows 10",103,4374.79999995232,0.609978,0.280044,0.619976,1e-04,37,0.839932,1262.60000002384,0.68,"Female","Opposite",0.2125,0.4625,0.4925,1,0.535,0.9475,0.551666666666667,0.568333333333333,0.79,0.38,0,1,0.32,0.61,0.63,0.78,1,0.31,0.625,0.46,0.52,0.375,0.565,0.4,0.325,0.61,0.485,0.155,0.475,0.66,0.46,0.625,0.27,0.74,0.67,0.0875,0.288,0.582857142857143,0.626,1,1,1,3.38,3.71,4.25,3.02,4.3
"NF-1021.jpg","5d7f8ffae664ab001967d9d3_7mrcg",26,"Male","Homosexual","No Religion",0,0,"High School","Estonia","Caucasian","01/09/2022","12:40:11",4.83090166666607,11.4835616666714,"1920x1080",2.0736,60.02,"chrome","104.0.0","Desktop","Windows 10",74,3586.80000001192,0.5,0.5,0.5,1e-04,107,0.030094,2341.80000001192,-0.94,"Female","Opposite",0.2125,0.4625,0.4925,1,0.535,0.9475,0.551666666666667,0.568333333333333,0.79,0.38,0,1,0.32,0.61,0.63,0.78,1,0.31,0.625,0.46,0.52,0.375,0.565,0.4,0.325,0.61,0.485,0.155,0.475,0.66,0.46,0.625,0.27,0.74,0.67,0.0875,0.288,0.582857142857143,0.626,1,1,1,3.86,3.92,4.76,3.53,4.8
"NF-1022.jpg","5d7f8ffae664ab001967d9d3_7mrcg",26,"Male","Homosexual","No Religion",0,0,"High School","Estonia","Caucasian","01/09/2022","12:40:11",4.83090166666607,11.4835616666714,"1920x1080",2.0736,60.02,"chrome","104.0.0","Desktop","Windows 10",56,5924,0.170066,0.380024,0.5,1e-04,22,0.819936,1180.80000001192,0.64,"Female","Opposite",0.2125,0.4625,0.4925,1,0.535,0.9475,0.551666666666667,0.568333333333333,0.79,0.38,0,1,0.32,0.61,0.63,0.78,1,0.31,0.625,0.46,0.52,0.375,0.565,0.4,0.325,0.61,0.485,0.155,0.475,0.66,0.46,0.625,0.27,0.74,0.67,0.0875,0.288,0.582857142857143,0.626,1,1,1,3.02,4.04,4.18,3.84,4.37
"NF-1023.jpg","5d7f8ffae664ab001967d9d3_7mrcg",26,"Male","Homosexual","No Religion",0,0,"High School","Estonia","Caucasian","01/09/2022","12:40:11",4.83090166666607,11.4835616666714,"1920x1080",2.0736,60.02,"chrome","104.0.0","Desktop","Windows 10",88,4140.60000002384,0.609978,0.64997,0.739952,1e-04,41,0.25005,1306.90000003576,-0.5,"Female","Opposite",0.2125,0.4625,0.4925,1,0.535,0.9475,0.551666666666667,0.568333333333333,0.79,0.38,0,1,0.32,0.61,0.63,0.78,1,0.31,0.625,0.46,0.52,0.375,0.565,0.4,0.325,0.61,0.485,0.155,0.475,0.66,0.46,0.625,0.27,0.74,0.67,0.0875,0.288,0.582857142857143,0.626,1,1,1,3.82,4.78,5.08,4.47,4.94
"NF-1024.jpg","5d7f8ffae664ab001967d9d3_7mrcg",26,"Male","Homosexual","No Religion",0,0,"High School","Estonia","Caucasian","01/09/2022","12:40:11",4.83090166666607,11.4835616666714,"1920x1080",2.0736,60.02,"chrome","104.0.0","Desktop","Windows 10",36,5021.69999998808,0.430014,0.330034,0.5,1e-04,83,0.090082,1107.70000004768,-0.82,"Female","Opposite",0.2125,0.4625,0.4925,1,0.535,0.9475,0.551666666666667,0.568333333333333,0.79,0.38,0,1,0.32,0.61,0.63,0.78,1,0.31,0.625,0.46,0.52,0.375,0.565,0.4,0.325,0.61,0.485,0.155,0.475,0.66,0.46,0.625,0.27,0.74,0.67,0.0875,0.288,0.582857142857143,0.626,1,1,1,3.33,3.77,4.35,3.42,4.21
"NF-1025.jpg","5d7f8ffae664ab001967d9d3_7mrcg",26,"Male","Homosexual","No Religion",0,0,"High School","Estonia","Caucasian","01/09/2022","12:40:11",4.83090166666607,11.4835616666714,"1920x1080",2.0736,60.02,"chrome","104.0.0","Desktop","Windows 10",18,4933.39999997616,0.669966,0.370026,0.40002,1e-04,51,0.40002,1290.19999998808,-0.2,"Female","Opposite",0.2125,0.4625,0.4925,1,0.535,0.9475,0.551666666666667,0.568333333333333,0.79,0.38,0,1,0.32,0.61,0.63,0.78,1,0.31,0.625,0.46,0.52,0.375,0.565,0.4,0.325,0.61,0.485,0.155,0.475,0.66,0.46,0.625,0.27,0.74,0.67,0.0875,0.288,0.582857142857143,0.626,1,1,1,3.63,4,4.76,3.67,4.37
"NF-1026.jpg","5d7f8ffae664ab001967d9d3_7mrcg",26,"Male","Homosexual","No Religion",0,0,"High School","Estonia","Caucasian","01/09/2022","12:40:11",4.83090166666607,11.4835616666714,"1920x1080",2.0736,60.02,"chrome","104.0.0","Desktop","Windows 10",10,7402.5,0.35003,0.320036,0.5,1e-04,16,0.10008,1615.19999998808,-0.8,"Female","Opposite",0.2125,0.4625,0.4925,1,0.535,0.9475,0.551666666666667,0.568333333333333,0.79,0.38,0,1,0.32,0.61,0.63,0.78,1,0.31,0.625,0.46,0.52,0.375,0.565,0.4,0.325,0.61,0.485,0.155,0.475,0.66,0.46,0.625,0.27,0.74,0.67,0.0875,0.288,0.582857142857143,0.626,1,1,1,3.71,3.33,4.05,2.75,3.71
"NF-1028.jpg","5d7f8ffae664ab001967d9d3_7mrcg",26,"Male","Homosexual","No Religion",0,0,"High School","Estonia","Caucasian","01/09/2022","12:40:11",4.83090166666607,11.4835616666714,"1920x1080",2.0736,60.02,"chrome","104.0.0","Desktop","Windows 10",67,2942.5,0.5,0.5,0.5,1e-04,4,0.679964,1498.69999998808,0.36,"Female","Opposite",0.2125,0.4625,0.4925,1,0.535,0.9475,0.551666666666667,0.568333333333333,0.79,0.38,0,1,0.32,0.61,0.63,0.78,1,0.31,0.625,0.46,0.52,0.375,0.565,0.4,0.325,0.61,0.485,0.155,0.475,0.66,0.46,0.625,0.27,0.74,0.67,0.0875,0.288,0.582857142857143,0.626,1,1,1,3.02,4.06,4.38,3.4,4.54
"NF-1030.jpg","5d7f8ffae664ab001967d9d3_7mrcg",26,"Male","Homosexual","No Religion",0,0,"High School","Estonia","Caucasian","01/09/2022","12:40:11",4.83090166666607,11.4835616666714,"1920x1080",2.0736,60.02,"chrome","104.0.0","Desktop","Windows 10",8,6965.89999997616,0.84993,0.679964,0.739952,1e-04,67,0.230054,1257.5,-0.54,"Female","Opposite",0.2125,0.4625,0.4925,1,0.535,0.9475,0.551666666666667,0.568333333333333,0.79,0.38,0,1,0.32,0.61,0.63,0.78,1,0.31,0.625,0.46,0.52,0.375,0.565,0.4,0.325,0.61,0.485,0.155,0.475,0.66,0.46,0.625,0.27,0.74,0.67,0.0875,0.288,0.582857142857143,0.626,1,1,1,3.28,4.82,5.18,4.72,5.04
"NF-1031.jpg","5d7f8ffae664ab001967d9d3_7mrcg",26,"Male","Homosexual","No Religion",0,0,"High School","Estonia","Caucasian","01/09/2022","12:40:11",4.83090166666607,11.4835616666714,"1920x1080",2.0736,60.02,"chrome","104.0.0","Desktop","Windows 10",66,4320.19999998808,0.310038,0.25005,0.519996,1e-04,75,0.709958,1206.39999997616,0.42,"Female","Opposite",0.2125,0.4625,0.4925,1,0.535,0.9475,0.551666666666667,0.568333333333333,0.79,0.38,0,1,0.32,0.61,0.63,0.78,1,0.31,0.625,0.46,0.52,0.375,0.565,0.4,0.325,0.61,0.485,0.155,0.475,0.66,0.46,0.625,0.27,0.74,0.67,0.0875,0.288,0.582857142857143,0.626,1,1,1,3.68,4.19,4.36,3.74,4.36
"NF-1032.jpg","5d7f8ffae664ab001967d9d3_7mrcg",26,"Male","Homosexual","No Religion",0,0,"High School","Estonia","Caucasian","01/09/2022","12:40:11",4.83090166666607,11.4835616666714,"1920x1080",2.0736,60.02,"chrome","104.0.0","Desktop","Windows 10",96,3362.19999998808,0.59998,0.629974,0.659968,0.69996,25,0.30004,1960.69999998808,-0.4,"Female","Opposite",0.2125,0.4625,0.4925,1,0.535,0.9475,0.551666666666667,0.568333333333333,0.79,0.38,0,1,0.32,0.61,0.63,0.78,1,0.31,0.625,0.46,0.52,0.375,0.565,0.4,0.325,0.61,0.485,0.155,0.475,0.66,0.46,0.625,0.27,0.74,0.67,0.0875,0.288,0.582857142857143,0.626,1,1,1,3.67,4.27,4.73,4.02,5.49
"NF-1034.jpg","5d7f8ffae664ab001967d9d3_7mrcg",26,"Male","Homosexual","No Religion",0,0,"High School","Estonia","Caucasian","01/09/2022","12:40:11",4.83090166666607,11.4835616666714,"1920x1080",2.0736,60.02,"chrome","104.0.0","Desktop","Windows 10",58,6337,0.230054,0.210058,0.260048,1e-04,18,0.719956,1237.10000002384,0.44,"Female","Opposite",0.2125,0.4625,0.4925,1,0.535,0.9475,0.551666666666667,0.568333333333333,0.79,0.38,0,1,0.32,0.61,0.63,0.78,1,0.31,0.625,0.46,0.52,0.375,0.565,0.4,0.325,0.61,0.485,0.155,0.475,0.66,0.46,0.625,0.27,0.74,0.67,0.0875,0.288,0.582857142857143,0.626,1,1,1,2.7,3.41,3.74,2.63,3.67
"NF-1036.jpg","5d7f8ffae664ab001967d9d3_7mrcg",26,"Male","Homosexual","No Religion",0,0,"High School","Estonia","Caucasian","01/09/2022","12:40:11",4.83090166666607,11.4835616666714,"1920x1080",2.0736,60.02,"chrome","104.0.0","Desktop","Windows 10",17,3993.40000003576,0.669966,0.669966,0.639972,1e-04,90,0.769946,1236.90000003576,0.54,"Female","Opposite",0.2125,0.4625,0.4925,1,0.535,0.9475,0.551666666666667,0.568333333333333,0.79,0.38,0,1,0.32,0.61,0.63,0.78,1,0.31,0.625,0.46,0.52,0.375,0.565,0.4,0.325,0.61,0.485,0.155,0.475,0.66,0.46,0.625,0.27,0.74,0.67,0.0875,0.288,0.582857142857143,0.626,1,1,1,3.12,4.24,4.4,3.83,4.38
"NF-1037.jpg","5d7f8ffae664ab001967d9d3_7mrcg",26,"Male","Homosexual","No Religion",0,0,"High School","Estonia","Caucasian","01/09/2022","12:40:11",4.83090166666607,11.4835616666714,"1920x1080",2.0736,60.02,"chrome","104.0.0","Desktop","Windows 10",16,6062.80000001192,0.35003,0.35003,0.390022,1e-04,40,0.94991,1087.90000003576,0.9,"Female","Opposite",0.2125,0.4625,0.4925,1,0.535,0.9475,0.551666666666667,0.568333333333333,0.79,0.38,0,1,0.32,0.61,0.63,0.78,1,0.31,0.625,0.46,0.52,0.375,0.565,0.4,0.325,0.61,0.485,0.155,0.475,0.66,0.46,0.625,0.27,0.74,0.67,0.0875,0.288,0.582857142857143,0.626,1,1,1,2.38,4.36,4.62,3.82,4.56
"NF-1039.jpg","5d7f8ffae664ab001967d9d3_7mrcg",26,"Male","Homosexual","No Religion",0,0,"High School","Estonia","Caucasian","01/09/2022","12:40:11",4.83090166666607,11.4835616666714,"1920x1080",2.0736,60.02,"chrome","104.0.0","Desktop","Windows 10",20,6714.79999995232,0.609978,0.190062,0.619976,0.230054,1,0.120076,3349.10000002384,-0.76,"Female","Opposite",0.2125,0.4625,0.4925,1,0.535,0.9475,0.551666666666667,0.568333333333333,0.79,0.38,0,1,0.32,0.61,0.63,0.78,1,0.31,0.625,0.46,0.52,0.375,0.565,0.4,0.325,0.61,0.485,0.155,0.475,0.66,0.46,0.625,0.27,0.74,0.67,0.0875,0.288,0.582857142857143,0.626,1,1,1,2.84,4.48,4.52,4.25,4
"NF-1040.jpg","5d7f8ffae664ab001967d9d3_7mrcg",26,"Male","Homosexual","No Religion",0,0,"High School","Estonia","Caucasian","01/09/2022","12:40:11",4.83090166666607,11.4835616666714,"1920x1080",2.0736,60.02,"chrome","104.0.0","Desktop","Windows 10",23,6004.40000003576,0.230054,0.180064,0.519996,0.230054,50,0.74995,1205.60000002384,0.5,"Female","Opposite",0.2125,0.4625,0.4925,1,0.535,0.9475,0.551666666666667,0.568333333333333,0.79,0.38,0,1,0.32,0.61,0.63,0.78,1,0.31,0.625,0.46,0.52,0.375,0.565,0.4,0.325,0.61,0.485,0.155,0.475,0.66,0.46,0.625,0.27,0.74,0.67,0.0875,0.288,0.582857142857143,0.626,1,1,1,3.14,3.65,4.47,3.1,4
"NF-1041.jpg","5d7f8ffae664ab001967d9d3_7mrcg",26,"Male","Homosexual","No Religion",0,0,"High School","Estonia","Caucasian","01/09/2022","12:40:11",4.83090166666607,11.4835616666714,"1920x1080",2.0736,60.02,"chrome","104.0.0","Desktop","Windows 10",97,3346,0.260048,0.360028,0.380024,0.030094,58,0.59998,1255.69999998808,0.2,"Female","Opposite",0.2125,0.4625,0.4925,1,0.535,0.9475,0.551666666666667,0.568333333333333,0.79,0.38,0,1,0.32,0.61,0.63,0.78,1,0.31,0.625,0.46,0.52,0.375,0.565,0.4,0.325,0.61,0.485,0.155,0.475,0.66,0.46,0.625,0.27,0.74,0.67,0.0875,0.288,0.582857142857143,0.626,1,1,1,2.78,4.29,4.56,3.27,4.33
"NF-1042.jpg","5d7f8ffae664ab001967d9d3_7mrcg",26,"Male","Homosexual","No Religion",0,0,"High School","Estonia","Caucasian","01/09/2022","12:40:11",4.83090166666607,11.4835616666714,"1920x1080",2.0736,60.02,"chrome","104.0.0","Desktop","Windows 10",87,4581.59999996424,0.330034,0.390022,0.440012,1e-04,13,0.84993,1294.30000001192,0.7,"Female","Opposite",0.2125,0.4625,0.4925,1,0.535,0.9475,0.551666666666667,0.568333333333333,0.79,0.38,0,1,0.32,0.61,0.63,0.78,1,0.31,0.625,0.46,0.52,0.375,0.565,0.4,0.325,0.61,0.485,0.155,0.475,0.66,0.46,0.625,0.27,0.74,0.67,0.0875,0.288,0.582857142857143,0.626,1,1,1,3.08,4.15,4.73,3.44,4.75
"NF-1043.jpg","5d7f8ffae664ab001967d9d3_7mrcg",26,"Male","Homosexual","No Religion",0,0,"High School","Estonia","Caucasian","01/09/2022","12:40:11",4.83090166666607,11.4835616666714,"1920x1080",2.0736,60.02,"chrome","104.0.0","Desktop","Windows 10",33,3892.39999997616,0.54999,0.539992,0.619976,1e-04,82,0.240052,1438.69999998808,-0.52,"Female","Opposite",0.2125,0.4625,0.4925,1,0.535,0.9475,0.551666666666667,0.568333333333333,0.79,0.38,0,1,0.32,0.61,0.63,0.78,1,0.31,0.625,0.46,0.52,0.375,0.565,0.4,0.325,0.61,0.485,0.155,0.475,0.66,0.46,0.625,0.27,0.74,0.67,0.0875,0.288,0.582857142857143,0.626,1,1,1,3.35,4.21,4.81,3.29,4.98
"NF-1044.jpg","5d7f8ffae664ab001967d9d3_7mrcg",26,"Male","Homosexual","No Religion",0,0,"High School","Estonia","Caucasian","01/09/2022","12:40:11",4.83090166666607,11.4835616666714,"1920x1080",2.0736,60.02,"chrome","104.0.0","Desktop","Windows 10",80,4526.5,0.230054,0.280044,0.5,1e-04,61,0.240052,1005.30000001192,-0.52,"Female","Opposite",0.2125,0.4625,0.4925,1,0.535,0.9475,0.551666666666667,0.568333333333333,0.79,0.38,0,1,0.32,0.61,0.63,0.78,1,0.31,0.625,0.46,0.52,0.375,0.565,0.4,0.325,0.61,0.485,0.155,0.475,0.66,0.46,0.625,0.27,0.74,0.67,0.0875,0.288,0.582857142857143,0.626,1,1,1,3.82,3.52,4.32,3.16,4.32
"NF-1045.jpg","5d7f8ffae664ab001967d9d3_7mrcg",26,"Male","Homosexual","No Religion",0,0,"High School","Estonia","Caucasian","01/09/2022","12:40:11",4.83090166666607,11.4835616666714,"1920x1080",2.0736,60.02,"chrome","104.0.0","Desktop","Windows 10",44,3114.5,0.5,0.490002,0.5,1e-04,77,0.05009,1307.40000003576,-0.9,"Female","Opposite",0.2125,0.4625,0.4925,1,0.535,0.9475,0.551666666666667,0.568333333333333,0.79,0.38,0,1,0.32,0.61,0.63,0.78,1,0.31,0.625,0.46,0.52,0.375,0.565,0.4,0.325,0.61,0.485,0.155,0.475,0.66,0.46,0.625,0.27,0.74,0.67,0.0875,0.288,0.582857142857143,0.626,1,1,1,2.85,4.28,4.55,4.11,4.89
"NF-1046.jpg","5d7f8ffae664ab001967d9d3_7mrcg",26,"Male","Homosexual","No Religion",0,0,"High School","Estonia","Caucasian","01/09/2022","12:40:11",4.83090166666607,11.4835616666714,"1920x1080",2.0736,60.02,"chrome","104.0.0","Desktop","Windows 10",62,5544.5,0.360028,0.30004,0.589982,1e-04,20,0.110078,1535.89999997616,-0.78,"Female","Opposite",0.2125,0.4625,0.4925,1,0.535,0.9475,0.551666666666667,0.568333333333333,0.79,0.38,0,1,0.32,0.61,0.63,0.78,1,0.31,0.625,0.46,0.52,0.375,0.565,0.4,0.325,0.61,0.485,0.155,0.475,0.66,0.46,0.625,0.27,0.74,0.67,0.0875,0.288,0.582857142857143,0.626,1,1,1,3.85,4,4.75,4.05,5
"NF-1047.jpg","5d7f8ffae664ab001967d9d3_7mrcg",26,"Male","Homosexual","No Religion",0,0,"High School","Estonia","Caucasian","01/09/2022","12:40:11",4.83090166666607,11.4835616666714,"1920x1080",2.0736,60.02,"chrome","104.0.0","Desktop","Windows 10",7,5927.30000001192,0.370026,0.280044,0.629974,1e-04,65,0.669966,1134.10000002384,0.34,"Female","Opposite",0.2125,0.4625,0.4925,1,0.535,0.9475,0.551666666666667,0.568333333333333,0.79,0.38,0,1,0.32,0.61,0.63,0.78,1,0.31,0.625,0.46,0.52,0.375,0.565,0.4,0.325,0.61,0.485,0.155,0.475,0.66,0.46,0.625,0.27,0.74,0.67,0.0875,0.288,0.582857142857143,0.626,1,1,1,2.7,3.7,3.85,3.21,3.74
"NF-1048.jpg","5d7f8ffae664ab001967d9d3_7mrcg",26,"Male","Homosexual","No Religion",0,0,"High School","Estonia","Caucasian","01/09/2022","12:40:11",4.83090166666607,11.4835616666714,"1920x1080",2.0736,60.02,"chrome","104.0.0","Desktop","Windows 10",14,3462.39999997616,0.5,0.5,0.5,1e-04,53,0.629974,2202.69999998808,0.26,"Female","Opposite",0.2125,0.4625,0.4925,1,0.535,0.9475,0.551666666666667,0.568333333333333,0.79,0.38,0,1,0.32,0.61,0.63,0.78,1,0.31,0.625,0.46,0.52,0.375,0.565,0.4,0.325,0.61,0.485,0.155,0.475,0.66,0.46,0.625,0.27,0.74,0.67,0.0875,0.288,0.582857142857143,0.626,1,1,1,2.72,4.56,4.89,4.46,5.09
"NF-1049.jpg","5d7f8ffae664ab001967d9d3_7mrcg",26,"Male","Homosexual","No Religion",0,0,"High School","Estonia","Caucasian","01/09/2022","12:40:11",4.83090166666607,11.4835616666714,"1920x1080",2.0736,60.02,"chrome","104.0.0","Desktop","Windows 10",12,4991.90000003576,0.739952,0.659968,0.529994,1e-04,62,0.689962,1251,0.38,"Female","Opposite",0.2125,0.4625,0.4925,1,0.535,0.9475,0.551666666666667,0.568333333333333,0.79,0.38,0,1,0.32,0.61,0.63,0.78,1,0.31,0.625,0.46,0.52,0.375,0.565,0.4,0.325,0.61,0.485,0.155,0.475,0.66,0.46,0.625,0.27,0.74,0.67,0.0875,0.288,0.582857142857143,0.626,1,1,1,3.86,3.98,4.3,3.68,4.46
"NF-1050.jpg","5d7f8ffae664ab001967d9d3_7mrcg",26,"Male","Homosexual","No Religion",0,0,"High School","Estonia","Caucasian","01/09/2022","12:40:11",4.83090166666607,11.4835616666714,"1920x1080",2.0736,60.02,"chrome","104.0.0","Desktop","Windows 10",45,4981.10000002384,0.40002,0.320036,0.5,0.040092,99,0.659968,1102,0.32,"Female","Opposite",0.2125,0.4625,0.4925,1,0.535,0.9475,0.551666666666667,0.568333333333333,0.79,0.38,0,1,0.32,0.61,0.63,0.78,1,0.31,0.625,0.46,0.52,0.375,0.565,0.4,0.325,0.61,0.485,0.155,0.475,0.66,0.46,0.625,0.27,0.74,0.67,0.0875,0.288,0.582857142857143,0.626,1,1,1,4.19,3.48,3.9,3.05,4.42
"NF-1051.jpg","5d7f8ffae664ab001967d9d3_7mrcg",26,"Male","Homosexual","No Religion",0,0,"High School","Estonia","Caucasian","01/09/2022","12:40:11",4.83090166666607,11.4835616666714,"1920x1080",2.0736,60.02,"chrome","104.0.0","Desktop","Windows 10",4,5253.09999996424,0.689962,0.629974,0.839932,0.030094,14,0.84993,1697.19999998808,0.7,"Female","Opposite",0.2125,0.4625,0.4925,1,0.535,0.9475,0.551666666666667,0.568333333333333,0.79,0.38,0,1,0.32,0.61,0.63,0.78,1,0.31,0.625,0.46,0.52,0.375,0.565,0.4,0.325,0.61,0.485,0.155,0.475,0.66,0.46,0.625,0.27,0.74,0.67,0.0875,0.288,0.582857142857143,0.626,1,1,1,2.67,4.16,4.31,4.09,3.91
"NF-1053.jpg","5d7f8ffae664ab001967d9d3_7mrcg",26,"Male","Homosexual","No Religion",0,0,"High School","Estonia","Caucasian","01/09/2022","12:40:11",4.83090166666607,11.4835616666714,"1920x1080",2.0736,60.02,"chrome","104.0.0","Desktop","Windows 10",92,4817.30000001192,0.15007,0.140072,0.5,1e-04,56,0.74995,1225.89999997616,0.5,"Female","Opposite",0.2125,0.4625,0.4925,1,0.535,0.9475,0.551666666666667,0.568333333333333,0.79,0.38,0,1,0.32,0.61,0.63,0.78,1,0.31,0.625,0.46,0.52,0.375,0.565,0.4,0.325,0.61,0.485,0.155,0.475,0.66,0.46,0.625,0.27,0.74,0.67,0.0875,0.288,0.582857142857143,0.626,1,1,1,3.76,3.55,3.98,3.22,3.45
"NF-1054.jpg","5d7f8ffae664ab001967d9d3_7mrcg",26,"Male","Homosexual","No Religion",0,0,"High School","Estonia","Caucasian","01/09/2022","12:40:11",4.83090166666607,11.4835616666714,"1920x1080",2.0736,60.02,"chrome","104.0.0","Desktop","Windows 10",43,4614.5,0.370026,0.280044,0.509998,1e-04,70,0.639972,1248,0.28,"Female","Opposite",0.2125,0.4625,0.4925,1,0.535,0.9475,0.551666666666667,0.568333333333333,0.79,0.38,0,1,0.32,0.61,0.63,0.78,1,0.31,0.625,0.46,0.52,0.375,0.565,0.4,0.325,0.61,0.485,0.155,0.475,0.66,0.46,0.625,0.27,0.74,0.67,0.0875,0.288,0.582857142857143,0.626,1,1,1,2.83,3.9,4.72,3.23,4.2
"NF-1056.jpg","5d7f8ffae664ab001967d9d3_7mrcg",26,"Male","Homosexual","No Religion",0,0,"High School","Estonia","Caucasian","01/09/2022","12:40:11",4.83090166666607,11.4835616666714,"1920x1080",2.0736,60.02,"chrome","104.0.0","Desktop","Windows 10",86,4523.40000003576,0.370026,0.30004,0.5,1e-04,91,0.030094,1216.10000002384,-0.94,"Female","Opposite",0.2125,0.4625,0.4925,1,0.535,0.9475,0.551666666666667,0.568333333333333,0.79,0.38,0,1,0.32,0.61,0.63,0.78,1,0.31,0.625,0.46,0.52,0.375,0.565,0.4,0.325,0.61,0.485,0.155,0.475,0.66,0.46,0.625,0.27,0.74,0.67,0.0875,0.288,0.582857142857143,0.626,1,1,1,3.76,3.71,4.21,2.95,5.19
"NF-1057.jpg","5d7f8ffae664ab001967d9d3_7mrcg",26,"Male","Homosexual","No Religion",0,0,"High School","Estonia","Caucasian","01/09/2022","12:40:11",4.83090166666607,11.4835616666714,"1920x1080",2.0736,60.02,"chrome","104.0.0","Desktop","Windows 10",22,5784,0.270046,0.310038,0.509998,1e-04,33,0.719956,1206.5,0.44,"Female","Opposite",0.2125,0.4625,0.4925,1,0.535,0.9475,0.551666666666667,0.568333333333333,0.79,0.38,0,1,0.32,0.61,0.63,0.78,1,0.31,0.625,0.46,0.52,0.375,0.565,0.4,0.325,0.61,0.485,0.155,0.475,0.66,0.46,0.625,0.27,0.74,0.67,0.0875,0.288,0.582857142857143,0.626,1,1,1,2.67,3.8,3.92,2.82,4.08
"NF-1059.jpg","5d7f8ffae664ab001967d9d3_7mrcg",26,"Male","Homosexual","No Religion",0,0,"High School","Estonia","Caucasian","01/09/2022","12:40:11",4.83090166666607,11.4835616666714,"1920x1080",2.0736,60.02,"chrome","104.0.0","Desktop","Windows 10",100,3120.5,0.330034,0.360028,0.5,1e-04,108,0.659968,1675.69999998808,0.32,"Female","Opposite",0.2125,0.4625,0.4925,1,0.535,0.9475,0.551666666666667,0.568333333333333,0.79,0.38,0,1,0.32,0.61,0.63,0.78,1,0.31,0.625,0.46,0.52,0.375,0.565,0.4,0.325,0.61,0.485,0.155,0.475,0.66,0.46,0.625,0.27,0.74,0.67,0.0875,0.288,0.582857142857143,0.626,1,1,1,3.52,3.4,3.85,2.56,3.02
"NF-1060.jpg","5d7f8ffae664ab001967d9d3_7mrcg",26,"Male","Homosexual","No Religion",0,0,"High School","Estonia","Caucasian","01/09/2022","12:40:11",4.83090166666607,11.4835616666714,"1920x1080",2.0736,60.02,"chrome","104.0.0","Desktop","Windows 10",29,3960.80000001192,0.609978,0.609978,0.709958,1e-04,84,0.769946,1017,0.54,"Female","Opposite",0.2125,0.4625,0.4925,1,0.535,0.9475,0.551666666666667,0.568333333333333,0.79,0.38,0,1,0.32,0.61,0.63,0.78,1,0.31,0.625,0.46,0.52,0.375,0.565,0.4,0.325,0.61,0.485,0.155,0.475,0.66,0.46,0.625,0.27,0.74,0.67,0.0875,0.288,0.582857142857143,0.626,1,1,1,3.45,4.64,4.76,4.65,4.41
"NF-1061.jpg","5d7f8ffae664ab001967d9d3_7mrcg",26,"Male","Homosexual","No Religion",0,0,"High School","Estonia","Caucasian","01/09/2022","12:40:11",4.83090166666607,11.4835616666714,"1920x1080",2.0736,60.02,"chrome","104.0.0","Desktop","Windows 10",13,4689.80000001192,0.729954,0.74995,0.69996,1e-04,29,1e-04,1553.39999997616,-1,"Female","Opposite",0.2125,0.4625,0.4925,1,0.535,0.9475,0.551666666666667,0.568333333333333,0.79,0.38,0,1,0.32,0.61,0.63,0.78,1,0.31,0.625,0.46,0.52,0.375,0.565,0.4,0.325,0.61,0.485,0.155,0.475,0.66,0.46,0.625,0.27,0.74,0.67,0.0875,0.288,0.582857142857143,0.626,1,1,1,4.36,4.1,4.52,3.82,4.64
"NF-1062.jpg","5d7f8ffae664ab001967d9d3_7mrcg",26,"Male","Homosexual","No Religion",0,0,"High School","Estonia","Caucasian","01/09/2022","12:40:11",4.83090166666607,11.4835616666714,"1920x1080",2.0736,60.02,"chrome","104.0.0","Desktop","Windows 10",47,3923.5,0.54999,0.440012,0.529994,1e-04,79,0.30004,1737,-0.4,"Female","Opposite",0.2125,0.4625,0.4925,1,0.535,0.9475,0.551666666666667,0.568333333333333,0.79,0.38,0,1,0.32,0.61,0.63,0.78,1,0.31,0.625,0.46,0.52,0.375,0.565,0.4,0.325,0.61,0.485,0.155,0.475,0.66,0.46,0.625,0.27,0.74,0.67,0.0875,0.288,0.582857142857143,0.626,1,1,1,2.81,4.27,4.65,3.98,4.54
"NF-1063.jpg","5d7f8ffae664ab001967d9d3_7mrcg",26,"Male","Homosexual","No Religion",0,0,"High School","Estonia","Caucasian","01/09/2022","12:40:11",4.83090166666607,11.4835616666714,"1920x1080",2.0736,60.02,"chrome","104.0.0","Desktop","Windows 10",35,4193.19999998808,0.79994,0.270046,0.74995,1e-04,27,1e-04,2272.90000003576,-1,"Female","Opposite",0.2125,0.4625,0.4925,1,0.535,0.9475,0.551666666666667,0.568333333333333,0.79,0.38,0,1,0.32,0.61,0.63,0.78,1,0.31,0.625,0.46,0.52,0.375,0.565,0.4,0.325,0.61,0.485,0.155,0.475,0.66,0.46,0.625,0.27,0.74,0.67,0.0875,0.288,0.582857142857143,0.626,1,1,1,3.24,3.85,4.16,3.24,5.44
"NF-1065.jpg","5d7f8ffae664ab001967d9d3_7mrcg",26,"Male","Homosexual","No Religion",0,0,"High School","Estonia","Caucasian","01/09/2022","12:40:11",4.83090166666607,11.4835616666714,"1920x1080",2.0736,60.02,"chrome","104.0.0","Desktop","Windows 10",83,3742.09999996424,0.609978,0.370026,0.619976,0.060088,8,0.130074,1519.59999996424,-0.74,"Female","Opposite",0.2125,0.4625,0.4925,1,0.535,0.9475,0.551666666666667,0.568333333333333,0.79,0.38,0,1,0.32,0.61,0.63,0.78,1,0.31,0.625,0.46,0.52,0.375,0.565,0.4,0.325,0.61,0.485,0.155,0.475,0.66,0.46,0.625,0.27,0.74,0.67,0.0875,0.288,0.582857142857143,0.626,1,1,1,2.7,5.09,5.26,4.98,5.21
"NF-1066.jpg","5d7f8ffae664ab001967d9d3_7mrcg",26,"Male","Homosexual","No Religion",0,0,"High School","Estonia","Caucasian","01/09/2022","12:40:11",4.83090166666607,11.4835616666714,"1920x1080",2.0736,60.02,"chrome","104.0.0","Desktop","Windows 10",3,9613.40000003576,0.390022,0.260048,0.59998,0.070086,12,0.210058,1241.89999997616,-0.58,"Female","Opposite",0.2125,0.4625,0.4925,1,0.535,0.9475,0.551666666666667,0.568333333333333,0.79,0.38,0,1,0.32,0.61,0.63,0.78,1,0.31,0.625,0.46,0.52,0.375,0.565,0.4,0.325,0.61,0.485,0.155,0.475,0.66,0.46,0.625,0.27,0.74,0.67,0.0875,0.288,0.582857142857143,0.626,1,1,1,3.49,3.82,4.14,4.16,4.44
"NF-1067.jpg","5d7f8ffae664ab001967d9d3_7mrcg",26,"Male","Homosexual","No Religion",0,0,"High School","Estonia","Caucasian","01/09/2022","12:40:11",4.83090166666607,11.4835616666714,"1920x1080",2.0736,60.02,"chrome","104.0.0","Desktop","Windows 10",49,4384.80000001192,0.54999,0.529994,0.539992,1e-04,76,0.709958,1100.80000001192,0.42,"Female","Opposite",0.2125,0.4625,0.4925,1,0.535,0.9475,0.551666666666667,0.568333333333333,0.79,0.38,0,1,0.32,0.61,0.63,0.78,1,0.31,0.625,0.46,0.52,0.375,0.565,0.4,0.325,0.61,0.485,0.155,0.475,0.66,0.46,0.625,0.27,0.74,0.67,0.0875,0.288,0.582857142857143,0.626,1,1,1,3.84,4.02,4.16,3.5,4.34
"NF-1068.jpg","5d7f8ffae664ab001967d9d3_7mrcg",26,"Male","Homosexual","No Religion",0,0,"High School","Estonia","Caucasian","01/09/2022","12:40:11",4.83090166666607,11.4835616666714,"1920x1080",2.0736,60.02,"chrome","104.0.0","Desktop","Windows 10",93,3352.70000004768,0.609978,0.609978,0.629974,0.020096,98,0.310038,2535.39999997616,-0.38,"Female","Opposite",0.2125,0.4625,0.4925,1,0.535,0.9475,0.551666666666667,0.568333333333333,0.79,0.38,0,1,0.32,0.61,0.63,0.78,1,0.31,0.625,0.46,0.52,0.375,0.565,0.4,0.325,0.61,0.485,0.155,0.475,0.66,0.46,0.625,0.27,0.74,0.67,0.0875,0.288,0.582857142857143,0.626,1,1,1,3.31,4.1,5.06,3.38,4.82
"NF-1069.jpg","5d7f8ffae664ab001967d9d3_7mrcg",26,"Male","Homosexual","No Religion",0,0,"High School","Estonia","Caucasian","01/09/2022","12:40:11",4.83090166666607,11.4835616666714,"1920x1080",2.0736,60.02,"chrome","104.0.0","Desktop","Windows 10",81,9267.30000001192,0.420016,0.310038,0.5,1e-04,17,0.130074,1382.30000001192,-0.74,"Female","Opposite",0.2125,0.4625,0.4925,1,0.535,0.9475,0.551666666666667,0.568333333333333,0.79,0.38,0,1,0.32,0.61,0.63,0.78,1,0.31,0.625,0.46,0.52,0.375,0.565,0.4,0.325,0.61,0.485,0.155,0.475,0.66,0.46,0.625,0.27,0.74,0.67,0.0875,0.288,0.582857142857143,0.626,1,1,1,3.13,4.4,4.38,4.04,3.68
"NF-1071.jpg","5d7f8ffae664ab001967d9d3_7mrcg",26,"Male","Homosexual","No Religion",0,0,"High School","Estonia","Caucasian","01/09/2022","12:40:11",4.83090166666607,11.4835616666714,"1920x1080",2.0736,60.02,"chrome","104.0.0","Desktop","Windows 10",11,3774.69999998808,0.5,0.5,0.5,1e-04,30,0.709958,1405.09999996424,0.42,"Female","Opposite",0.2125,0.4625,0.4925,1,0.535,0.9475,0.551666666666667,0.568333333333333,0.79,0.38,0,1,0.32,0.61,0.63,0.78,1,0.31,0.625,0.46,0.52,0.375,0.565,0.4,0.325,0.61,0.485,0.155,0.475,0.66,0.46,0.625,0.27,0.74,0.67,0.0875,0.288,0.582857142857143,0.626,1,1,1,3,3.81,4,3.78,3.86
"NF-1072.jpg","5d7f8ffae664ab001967d9d3_7mrcg",26,"Male","Homosexual","No Religion",0,0,"High School","Estonia","Caucasian","01/09/2022","12:40:11",4.83090166666607,11.4835616666714,"1920x1080",2.0736,60.02,"chrome","104.0.0","Desktop","Windows 10",75,3439.59999996424,0.619976,0.330034,0.559988,0.030094,43,0.40002,1294.59999996424,-0.2,"Female","Opposite",0.2125,0.4625,0.4925,1,0.535,0.9475,0.551666666666667,0.568333333333333,0.79,0.38,0,1,0.32,0.61,0.63,0.78,1,0.31,0.625,0.46,0.52,0.375,0.565,0.4,0.325,0.61,0.485,0.155,0.475,0.66,0.46,0.625,0.27,0.74,0.67,0.0875,0.288,0.582857142857143,0.626,1,1,1,3.84,4.45,4.87,4.27,5.05
"NF-1073.jpg","5d7f8ffae664ab001967d9d3_7mrcg",26,"Male","Homosexual","No Religion",0,0,"High School","Estonia","Caucasian","01/09/2022","12:40:11",4.83090166666607,11.4835616666714,"1920x1080",2.0736,60.02,"chrome","104.0.0","Desktop","Windows 10",46,5595.69999998808,0.5,0.5,0.5,1e-04,35,0.390022,1796.89999997616,-0.22,"Female","Opposite",0.2125,0.4625,0.4925,1,0.535,0.9475,0.551666666666667,0.568333333333333,0.79,0.38,0,1,0.32,0.61,0.63,0.78,1,0.31,0.625,0.46,0.52,0.375,0.565,0.4,0.325,0.61,0.485,0.155,0.475,0.66,0.46,0.625,0.27,0.74,0.67,0.0875,0.288,0.582857142857143,0.626,1,1,1,2.93,4.45,4.87,4.35,4.87
"NF-1075.jpg","5d7f8ffae664ab001967d9d3_7mrcg",26,"Male","Homosexual","No Religion",0,0,"High School","Estonia","Caucasian","01/09/2022","12:40:11",4.83090166666607,11.4835616666714,"1920x1080",2.0736,60.02,"chrome","104.0.0","Desktop","Windows 10",77,3631.60000002384,0.280044,0.280044,0.54999,1e-04,109,0.210058,1906.89999997616,-0.58,"Female","Opposite",0.2125,0.4625,0.4925,1,0.535,0.9475,0.551666666666667,0.568333333333333,0.79,0.38,0,1,0.32,0.61,0.63,0.78,1,0.31,0.625,0.46,0.52,0.375,0.565,0.4,0.325,0.61,0.485,0.155,0.475,0.66,0.46,0.625,0.27,0.74,0.67,0.0875,0.288,0.582857142857143,0.626,1,1,1,2.58,3.4,3.74,2.82,4.26
"NF-1076.jpg","5d7f8ffae664ab001967d9d3_7mrcg",26,"Male","Homosexual","No Religion",0,0,"High School","Estonia","Caucasian","01/09/2022","12:40:11",4.83090166666607,11.4835616666714,"1920x1080",2.0736,60.02,"chrome","104.0.0","Desktop","Windows 10",61,5961.59999996424,0.569986,0.40002,0.569986,1e-04,15,0.659968,1877.60000002384,0.32,"Female","Opposite",0.2125,0.4625,0.4925,1,0.535,0.9475,0.551666666666667,0.568333333333333,0.79,0.38,0,1,0.32,0.61,0.63,0.78,1,0.31,0.625,0.46,0.52,0.375,0.565,0.4,0.325,0.61,0.485,0.155,0.475,0.66,0.46,0.625,0.27,0.74,0.67,0.0875,0.288,0.582857142857143,0.626,1,1,1,4.23,4.15,4.54,3.95,5.46
"NF-1077.jpg","5d7f8ffae664ab001967d9d3_7mrcg",26,"Male","Homosexual","No Religion",0,0,"High School","Estonia","Caucasian","01/09/2022","12:40:11",4.83090166666607,11.4835616666714,"1920x1080",2.0736,60.02,"chrome","104.0.0","Desktop","Windows 10",76,3656.20000004768,0.64997,0.529994,0.40002,1e-04,34,1e-04,1192.09999996424,-1,"Female","Opposite",0.2125,0.4625,0.4925,1,0.535,0.9475,0.551666666666667,0.568333333333333,0.79,0.38,0,1,0.32,0.61,0.63,0.78,1,0.31,0.625,0.46,0.52,0.375,0.565,0.4,0.325,0.61,0.485,0.155,0.475,0.66,0.46,0.625,0.27,0.74,0.67,0.0875,0.288,0.582857142857143,0.626,1,1,1,4.34,3.7,4.46,2.96,4.26
"NF-1079.jpg","5d7f8ffae664ab001967d9d3_7mrcg",26,"Male","Homosexual","No Religion",0,0,"High School","Estonia","Caucasian","01/09/2022","12:40:11",4.83090166666607,11.4835616666714,"1920x1080",2.0736,60.02,"chrome","104.0.0","Desktop","Windows 10",5,4650.19999998808,0.5,0.5,0.5,1e-04,54,0.160068,1562.10000002384,-0.68,"Female","Opposite",0.2125,0.4625,0.4925,1,0.535,0.9475,0.551666666666667,0.568333333333333,0.79,0.38,0,1,0.32,0.61,0.63,0.78,1,0.31,0.625,0.46,0.52,0.375,0.565,0.4,0.325,0.61,0.485,0.155,0.475,0.66,0.46,0.625,0.27,0.74,0.67,0.0875,0.288,0.582857142857143,0.626,1,1,1,2.89,3.78,4.02,3.36,4.4
"NF-1080.jpg","5d7f8ffae664ab001967d9d3_7mrcg",26,"Male","Homosexual","No Religion",0,0,"High School","Estonia","Caucasian","01/09/2022","12:40:11",4.83090166666607,11.4835616666714,"1920x1080",2.0736,60.02,"chrome","104.0.0","Desktop","Windows 10",91,2821.80000001192,0.430014,0.5,0.5,1e-04,2,0.170066,1791.10000002384,-0.66,"Female","Opposite",0.2125,0.4625,0.4925,1,0.535,0.9475,0.551666666666667,0.568333333333333,0.79,0.38,0,1,0.32,0.61,0.63,0.78,1,0.31,0.625,0.46,0.52,0.375,0.565,0.4,0.325,0.61,0.485,0.155,0.475,0.66,0.46,0.625,0.27,0.74,0.67,0.0875,0.288,0.582857142857143,0.626,1,1,1,4,3.7,4.28,3.3,4.83
"NF-1081.jpg","5d7f8ffae664ab001967d9d3_7mrcg",26,"Male","Homosexual","No Religion",0,0,"High School","Estonia","Caucasian","01/09/2022","12:40:11",4.83090166666607,11.4835616666714,"1920x1080",2.0736,60.02,"chrome","104.0.0","Desktop","Windows 10",102,4118,0.270046,0.30004,0.260048,1e-04,81,0.69996,1301.80000001192,0.4,"Female","Opposite",0.2125,0.4625,0.4925,1,0.535,0.9475,0.551666666666667,0.568333333333333,0.79,0.38,0,1,0.32,0.61,0.63,0.78,1,0.31,0.625,0.46,0.52,0.375,0.565,0.4,0.325,0.61,0.485,0.155,0.475,0.66,0.46,0.625,0.27,0.74,0.67,0.0875,0.288,0.582857142857143,0.626,1,1,1,4,3.44,4.1,2.98,3.98
"NF-1082.jpg","5d7f8ffae664ab001967d9d3_7mrcg",26,"Male","Homosexual","No Religion",0,0,"High School","Estonia","Caucasian","01/09/2022","12:40:11",4.83090166666607,11.4835616666714,"1920x1080",2.0736,60.02,"chrome","104.0.0","Desktop","Windows 10",98,3179.30000001192,0.5,0.5,0.5,1e-04,92,1e-04,1120.89999997616,-1,"Female","Opposite",0.2125,0.4625,0.4925,1,0.535,0.9475,0.551666666666667,0.568333333333333,0.79,0.38,0,1,0.32,0.61,0.63,0.78,1,0.31,0.625,0.46,0.52,0.375,0.565,0.4,0.325,0.61,0.485,0.155,0.475,0.66,0.46,0.625,0.27,0.74,0.67,0.0875,0.288,0.582857142857143,0.626,1,1,1,2.66,4.66,4.72,4.4,4.3
"NF-1083.jpg","5d7f8ffae664ab001967d9d3_7mrcg",26,"Male","Homosexual","No Religion",0,0,"High School","Estonia","Caucasian","01/09/2022","12:40:11",4.83090166666607,11.4835616666714,"1920x1080",2.0736,60.02,"chrome","104.0.0","Desktop","Windows 10",104,5979.40000003576,0.25005,0.220056,0.5,0.330034,68,1e-04,1640.80000001192,-1,"Female","Opposite",0.2125,0.4625,0.4925,1,0.535,0.9475,0.551666666666667,0.568333333333333,0.79,0.38,0,1,0.32,0.61,0.63,0.78,1,0.31,0.625,0.46,0.52,0.375,0.565,0.4,0.325,0.61,0.485,0.155,0.475,0.66,0.46,0.625,0.27,0.74,0.67,0.0875,0.288,0.582857142857143,0.626,1,1,1,3.36,3.33,3.86,2.68,4.14
"NF-1084.jpg","5d7f8ffae664ab001967d9d3_7mrcg",26,"Male","Homosexual","No Religion",0,0,"High School","Estonia","Caucasian","01/09/2022","12:40:11",4.83090166666607,11.4835616666714,"1920x1080",2.0736,60.02,"chrome","104.0.0","Desktop","Windows 10",55,4970.69999998808,0.64997,0.320036,0.679964,0.64997,52,0.609978,1423.89999997616,0.22,"Female","Opposite",0.2125,0.4625,0.4925,1,0.535,0.9475,0.551666666666667,0.568333333333333,0.79,0.38,0,1,0.32,0.61,0.63,0.78,1,0.31,0.625,0.46,0.52,0.375,0.565,0.4,0.325,0.61,0.485,0.155,0.475,0.66,0.46,0.625,0.27,0.74,0.67,0.0875,0.288,0.582857142857143,0.626,1,1,1,4.21,3.83,4.41,3.14,4.48
"NF-1085.jpg","5d7f8ffae664ab001967d9d3_7mrcg",26,"Male","Homosexual","No Religion",0,0,"High School","Estonia","Caucasian","01/09/2022","12:40:11",4.83090166666607,11.4835616666714,"1920x1080",2.0736,60.02,"chrome","104.0.0","Desktop","Windows 10",2,5916.5,0.420016,0.330034,0.59998,0.310038,26,0.669966,1343.80000001192,0.34,"Female","Opposite",0.2125,0.4625,0.4925,1,0.535,0.9475,0.551666666666667,0.568333333333333,0.79,0.38,0,1,0.32,0.61,0.63,0.78,1,0.31,0.625,0.46,0.52,0.375,0.565,0.4,0.325,0.61,0.485,0.155,0.475,0.66,0.46,0.625,0.27,0.74,0.67,0.0875,0.288,0.582857142857143,0.626,1,1,1,3.23,4.25,4.35,4.06,4.58
"NF-1086.jpg","5d7f8ffae664ab001967d9d3_7mrcg",26,"Male","Homosexual","No Religion",0,0,"High School","Estonia","Caucasian","01/09/2022","12:40:11",4.83090166666607,11.4835616666714,"1920x1080",2.0736,60.02,"chrome","104.0.0","Desktop","Windows 10",109,5586.60000002384,0.629974,0.709958,0.54999,1e-04,59,0.729954,1046.80000001192,0.46,"Female","Opposite",0.2125,0.4625,0.4925,1,0.535,0.9475,0.551666666666667,0.568333333333333,0.79,0.38,0,1,0.32,0.61,0.63,0.78,1,0.31,0.625,0.46,0.52,0.375,0.565,0.4,0.325,0.61,0.485,0.155,0.475,0.66,0.46,0.625,0.27,0.74,0.67,0.0875,0.288,0.582857142857143,0.626,1,1,1,2.69,4.44,4.93,4.71,4.82
"NF-1087.jpg","5d7f8ffae664ab001967d9d3_7mrcg",26,"Male","Homosexual","No Religion",0,0,"High School","Estonia","Caucasian","01/09/2022","12:40:11",4.83090166666607,11.4835616666714,"1920x1080",2.0736,60.02,"chrome","104.0.0","Desktop","Windows 10",108,4213.5,0.340032,0.35003,0.5,1e-04,73,0.310038,1058.10000002384,-0.38,"Female","Opposite",0.2125,0.4625,0.4925,1,0.535,0.9475,0.551666666666667,0.568333333333333,0.79,0.38,0,1,0.32,0.61,0.63,0.78,1,0.31,0.625,0.46,0.52,0.375,0.565,0.4,0.325,0.61,0.485,0.155,0.475,0.66,0.46,0.625,0.27,0.74,0.67,0.0875,0.288,0.582857142857143,0.626,1,1,1,3.79,3.43,3.46,2.79,2.57
"NF-1088.jpg","5d7f8ffae664ab001967d9d3_7mrcg",26,"Male","Homosexual","No Religion",0,0,"High School","Estonia","Caucasian","01/09/2022","12:40:11",4.83090166666607,11.4835616666714,"1920x1080",2.0736,60.02,"chrome","104.0.0","Desktop","Windows 10",68,2940.40000003576,0.519996,0.420016,0.569986,1e-04,42,0.789942,1470.39999997616,0.58,"Female","Opposite",0.2125,0.4625,0.4925,1,0.535,0.9475,0.551666666666667,0.568333333333333,0.79,0.38,0,1,0.32,0.61,0.63,0.78,1,0.31,0.625,0.46,0.52,0.375,0.565,0.4,0.325,0.61,0.485,0.155,0.475,0.66,0.46,0.625,0.27,0.74,0.67,0.0875,0.288,0.582857142857143,0.626,1,1,1,3.04,4.27,4.65,4.08,4.27
"NF-1089.jpg","5d7f8ffae664ab001967d9d3_7mrcg",26,"Male","Homosexual","No Religion",0,0,"High School","Estonia","Caucasian","01/09/2022","12:40:11",4.83090166666607,11.4835616666714,"1920x1080",2.0736,60.02,"chrome","104.0.0","Desktop","Windows 10",69,3507.90000003576,0.270046,0.190062,0.529994,0.330034,64,0.30004,1126.69999998808,-0.4,"Female","Opposite",0.2125,0.4625,0.4925,1,0.535,0.9475,0.551666666666667,0.568333333333333,0.79,0.38,0,1,0.32,0.61,0.63,0.78,1,0.31,0.625,0.46,0.52,0.375,0.565,0.4,0.325,0.61,0.485,0.155,0.475,0.66,0.46,0.625,0.27,0.74,0.67,0.0875,0.288,0.582857142857143,0.626,1,1,1,4.04,3.52,4.11,2.91,4.25
"NF-1093.jpg","5d7f8ffae664ab001967d9d3_7mrcg",26,"Male","Homosexual","No Religion",0,0,"High School","Estonia","Caucasian","01/09/2022","12:40:11",4.83090166666607,11.4835616666714,"1920x1080",2.0736,60.02,"chrome","104.0.0","Desktop","Windows 10",27,5089.10000002384,0.74995,0.629974,0.789942,1e-04,105,1e-04,1642.30000001192,-1,"Female","Opposite",0.2125,0.4625,0.4925,1,0.535,0.9475,0.551666666666667,0.568333333333333,0.79,0.38,0,1,0.32,0.61,0.63,0.78,1,0.31,0.625,0.46,0.52,0.375,0.565,0.4,0.325,0.61,0.485,0.155,0.475,0.66,0.46,0.625,0.27,0.74,0.67,0.0875,0.288,0.582857142857143,0.626,1,1,1,3.56,3.72,3.89,3.79,3.67
"NF-1094.jpg","5d7f8ffae664ab001967d9d3_7mrcg",26,"Male","Homosexual","No Religion",0,0,"High School","Estonia","Caucasian","01/09/2022","12:40:11",4.83090166666607,11.4835616666714,"1920x1080",2.0736,60.02,"chrome","104.0.0","Desktop","Windows 10",79,5508.80000001192,0.54999,0.310038,0.559988,0.320036,88,0.360028,1141,-0.28,"Female","Opposite",0.2125,0.4625,0.4925,1,0.535,0.9475,0.551666666666667,0.568333333333333,0.79,0.38,0,1,0.32,0.61,0.63,0.78,1,0.31,0.625,0.46,0.52,0.375,0.565,0.4,0.325,0.61,0.485,0.155,0.475,0.66,0.46,0.625,0.27,0.74,0.67,0.0875,0.288,0.582857142857143,0.626,1,1,1,2.92,4.44,4.62,4.66,5.26
"NF-1095.jpg","5d7f8ffae664ab001967d9d3_7mrcg",26,"Male","Homosexual","No Religion",0,0,"High School","Estonia","Caucasian","01/09/2022","12:40:11",4.83090166666607,11.4835616666714,"1920x1080",2.0736,60.02,"chrome","104.0.0","Desktop","Windows 10",85,4314,0.59998,0.370026,0.569986,1e-04,57,1e-04,1705.19999998808,-1,"Female","Opposite",0.2125,0.4625,0.4925,1,0.535,0.9475,0.551666666666667,0.568333333333333,0.79,0.38,0,1,0.32,0.61,0.63,0.78,1,0.31,0.625,0.46,0.52,0.375,0.565,0.4,0.325,0.61,0.485,0.155,0.475,0.66,0.46,0.625,0.27,0.74,0.67,0.0875,0.288,0.582857142857143,0.626,1,1,1,3.21,3.94,4.23,3.42,4.23
"NF-1096.jpg","5d7f8ffae664ab001967d9d3_7mrcg",26,"Male","Homosexual","No Religion",0,0,"High School","Estonia","Caucasian","01/09/2022","12:40:11",4.83090166666607,11.4835616666714,"1920x1080",2.0736,60.02,"chrome","104.0.0","Desktop","Windows 10",48,4709,0.290042,0.310038,0.390022,1e-04,94,0.769946,1105,0.54,"Female","Opposite",0.2125,0.4625,0.4925,1,0.535,0.9475,0.551666666666667,0.568333333333333,0.79,0.38,0,1,0.32,0.61,0.63,0.78,1,0.31,0.625,0.46,0.52,0.375,0.565,0.4,0.325,0.61,0.485,0.155,0.475,0.66,0.46,0.625,0.27,0.74,0.67,0.0875,0.288,0.582857142857143,0.626,1,1,1,3.98,3.98,4.58,3.73,4.8
"NF-1097.jpg","5d7f8ffae664ab001967d9d3_7mrcg",26,"Male","Homosexual","No Religion",0,0,"High School","Estonia","Caucasian","01/09/2022","12:40:11",4.83090166666607,11.4835616666714,"1920x1080",2.0736,60.02,"chrome","104.0.0","Desktop","Windows 10",53,4613.40000003576,0.709958,0.340032,0.5,0.040092,3,0.839932,1526.19999998808,0.68,"Female","Opposite",0.2125,0.4625,0.4925,1,0.535,0.9475,0.551666666666667,0.568333333333333,0.79,0.38,0,1,0.32,0.61,0.63,0.78,1,0.31,0.625,0.46,0.52,0.375,0.565,0.4,0.325,0.61,0.485,0.155,0.475,0.66,0.46,0.625,0.27,0.74,0.67,0.0875,0.288,0.582857142857143,0.626,1,1,1,3.38,4.22,4.27,4.27,5.73
"NF-1098.jpg","5d7f8ffae664ab001967d9d3_7mrcg",26,"Male","Homosexual","No Religion",0,0,"High School","Estonia","Caucasian","01/09/2022","12:40:11",4.83090166666607,11.4835616666714,"1920x1080",2.0736,60.02,"chrome","104.0.0","Desktop","Windows 10",15,5274.5,0.79994,0.769946,0.719956,0.59998,104,0.330034,1716.70000004768,-0.34,"Female","Opposite",0.2125,0.4625,0.4925,1,0.535,0.9475,0.551666666666667,0.568333333333333,0.79,0.38,0,1,0.32,0.61,0.63,0.78,1,0.31,0.625,0.46,0.52,0.375,0.565,0.4,0.325,0.61,0.485,0.155,0.475,0.66,0.46,0.625,0.27,0.74,0.67,0.0875,0.288,0.582857142857143,0.626,1,1,1,3.55,4.37,4.85,4.67,4.44
"NF-1099.jpg","5d7f8ffae664ab001967d9d3_7mrcg",26,"Male","Homosexual","No Religion",0,0,"High School","Estonia","Caucasian","01/09/2022","12:40:11",4.83090166666607,11.4835616666714,"1920x1080",2.0736,60.02,"chrome","104.0.0","Desktop","Windows 10",60,3708.59999996424,0.310038,0.410018,0.330034,1e-04,46,0.30004,1727.59999996424,-0.4,"Female","Opposite",0.2125,0.4625,0.4925,1,0.535,0.9475,0.551666666666667,0.568333333333333,0.79,0.38,0,1,0.32,0.61,0.63,0.78,1,0.31,0.625,0.46,0.52,0.375,0.565,0.4,0.325,0.61,0.485,0.155,0.475,0.66,0.46,0.625,0.27,0.74,0.67,0.0875,0.288,0.582857142857143,0.626,1,1,1,3.68,4.11,4.55,3.23,4.47
"NF-1100.jpg","5d7f8ffae664ab001967d9d3_7mrcg",26,"Male","Homosexual","No Religion",0,0,"High School","Estonia","Caucasian","01/09/2022","12:40:11",4.83090166666607,11.4835616666714,"1920x1080",2.0736,60.02,"chrome","104.0.0","Desktop","Windows 10",50,4190.89999997616,0.460008,0.270046,0.609978,0.010098,89,0.25005,1342,-0.5,"Female","Opposite",0.2125,0.4625,0.4925,1,0.535,0.9475,0.551666666666667,0.568333333333333,0.79,0.38,0,1,0.32,0.61,0.63,0.78,1,0.31,0.625,0.46,0.52,0.375,0.565,0.4,0.325,0.61,0.485,0.155,0.475,0.66,0.46,0.625,0.27,0.74,0.67,0.0875,0.288,0.582857142857143,0.626,1,1,1,3.35,4.27,4.5,3.87,4.78
"NF-1101.jpg","5d7f8ffae664ab001967d9d3_7mrcg",26,"Male","Homosexual","No Religion",0,0,"High School","Estonia","Caucasian","01/09/2022","12:40:11",4.83090166666607,11.4835616666714,"1920x1080",2.0736,60.02,"chrome","104.0.0","Desktop","Windows 10",78,6217.80000001192,0.529994,0.539992,0.559988,0.140072,19,0.689962,1131.19999998808,0.38,"Female","Opposite",0.2125,0.4625,0.4925,1,0.535,0.9475,0.551666666666667,0.568333333333333,0.79,0.38,0,1,0.32,0.61,0.63,0.78,1,0.31,0.625,0.46,0.52,0.375,0.565,0.4,0.325,0.61,0.485,0.155,0.475,0.66,0.46,0.625,0.27,0.74,0.67,0.0875,0.288,0.582857142857143,0.626,1,1,1,3.4,4.1,4.46,3.76,4.52
"NF-1103.jpg","5d7f8ffae664ab001967d9d3_7mrcg",26,"Male","Homosexual","No Religion",0,0,"High School","Estonia","Caucasian","01/09/2022","12:40:11",4.83090166666607,11.4835616666714,"1920x1080",2.0736,60.02,"chrome","104.0.0","Desktop","Windows 10",9,5110.69999998808,0.539992,0.45001,0.589982,1e-04,72,0.669966,1450.69999998808,0.34,"Female","Opposite",0.2125,0.4625,0.4925,1,0.535,0.9475,0.551666666666667,0.568333333333333,0.79,0.38,0,1,0.32,0.61,0.63,0.78,1,0.31,0.625,0.46,0.52,0.375,0.565,0.4,0.325,0.61,0.485,0.155,0.475,0.66,0.46,0.625,0.27,0.74,0.67,0.0875,0.288,0.582857142857143,0.626,1,1,1,3.4,4.56,4.94,3.58,4.1
"NF-1105.jpg","5d7f8ffae664ab001967d9d3_7mrcg",26,"Male","Homosexual","No Religion",0,0,"High School","Estonia","Caucasian","01/09/2022","12:40:11",4.83090166666607,11.4835616666714,"1920x1080",2.0736,60.02,"chrome","104.0.0","Desktop","Windows 10",32,8211.39999997616,0.35003,0.629974,0.360028,1e-04,69,0.619976,1877.19999998808,0.24,"Female","Opposite",0.2125,0.4625,0.4925,1,0.535,0.9475,0.551666666666667,0.568333333333333,0.79,0.38,0,1,0.32,0.61,0.63,0.78,1,0.31,0.625,0.46,0.52,0.375,0.565,0.4,0.325,0.61,0.485,0.155,0.475,0.66,0.46,0.625,0.27,0.74,0.67,0.0875,0.288,0.582857142857143,0.626,1,1,1,4.09,3.71,4.62,2.56,4.69
"NF-1106.jpg","5d7f8ffae664ab001967d9d3_7mrcg",26,"Male","Homosexual","No Religion",0,0,"High School","Estonia","Caucasian","01/09/2022","12:40:11",4.83090166666607,11.4835616666714,"1920x1080",2.0736,60.02,"chrome","104.0.0","Desktop","Windows 10",95,3822.30000001192,0.609978,0.380024,0.589982,0.020096,21,0.120076,1197.19999998808,-0.76,"Female","Opposite",0.2125,0.4625,0.4925,1,0.535,0.9475,0.551666666666667,0.568333333333333,0.79,0.38,0,1,0.32,0.61,0.63,0.78,1,0.31,0.625,0.46,0.52,0.375,0.565,0.4,0.325,0.61,0.485,0.155,0.475,0.66,0.46,0.625,0.27,0.74,0.67,0.0875,0.288,0.582857142857143,0.626,1,1,1,3.02,4.32,4.83,3.74,4.85
"NF-1107.jpg","5d7f8ffae664ab001967d9d3_7mrcg",26,"Male","Homosexual","No Religion",0,0,"High School","Estonia","Caucasian","01/09/2022","12:40:11",4.83090166666607,11.4835616666714,"1920x1080",2.0736,60.02,"chrome","104.0.0","Desktop","Windows 10",52,4412.30000001192,0.370026,0.40002,0.529994,0.070086,93,1e-04,1269.40000003576,-1,"Female","Opposite",0.2125,0.4625,0.4925,1,0.535,0.9475,0.551666666666667,0.568333333333333,0.79,0.38,0,1,0.32,0.61,0.63,0.78,1,0.31,0.625,0.46,0.52,0.375,0.565,0.4,0.325,0.61,0.485,0.155,0.475,0.66,0.46,0.625,0.27,0.74,0.67,0.0875,0.288,0.582857142857143,0.626,1,1,1,3.97,3.73,3.98,2.63,3.78
"NF-1108.jpg","5d7f8ffae664ab001967d9d3_7mrcg",26,"Male","Homosexual","No Religion",0,0,"High School","Estonia","Caucasian","01/09/2022","12:40:11",4.83090166666607,11.4835616666714,"1920x1080",2.0736,60.02,"chrome","104.0.0","Desktop","Windows 10",72,4107.10000002384,0.679964,0.709958,0.5,0.080084,63,0.79994,1064.79999995232,0.6,"Female","Opposite",0.2125,0.4625,0.4925,1,0.535,0.9475,0.551666666666667,0.568333333333333,0.79,0.38,0,1,0.32,0.61,0.63,0.78,1,0.31,0.625,0.46,0.52,0.375,0.565,0.4,0.325,0.61,0.485,0.155,0.475,0.66,0.46,0.625,0.27,0.74,0.67,0.0875,0.288,0.582857142857143,0.626,1,1,1,4.16,4.39,5,4.12,5.14
"NF-1109.jpg","5d7f8ffae664ab001967d9d3_7mrcg",26,"Male","Homosexual","No Religion",0,0,"High School","Estonia","Caucasian","01/09/2022","12:40:11",4.83090166666607,11.4835616666714,"1920x1080",2.0736,60.02,"chrome","104.0.0","Desktop","Windows 10",37,3747.19999998808,0.170066,0.210058,0.5,1e-04,11,0.769946,1552.10000002384,0.54,"Female","Opposite",0.2125,0.4625,0.4925,1,0.535,0.9475,0.551666666666667,0.568333333333333,0.79,0.38,0,1,0.32,0.61,0.63,0.78,1,0.31,0.625,0.46,0.52,0.375,0.565,0.4,0.325,0.61,0.485,0.155,0.475,0.66,0.46,0.625,0.27,0.74,0.67,0.0875,0.288,0.582857142857143,0.626,1,1,1,3.55,3.24,4.02,2.51,3.63
"NF-1110.jpg","5d7f8ffae664ab001967d9d3_7mrcg",26,"Male","Homosexual","No Religion",0,0,"High School","Estonia","Caucasian","01/09/2022","12:40:11",4.83090166666607,11.4835616666714,"1920x1080",2.0736,60.02,"chrome","104.0.0","Desktop","Windows 10",31,3236,0.5,0.5,0.5,1e-04,5,0.669966,1969.09999996424,0.34,"Female","Opposite",0.2125,0.4625,0.4925,1,0.535,0.9475,0.551666666666667,0.568333333333333,0.79,0.38,0,1,0.32,0.61,0.63,0.78,1,0.31,0.625,0.46,0.52,0.375,0.565,0.4,0.325,0.61,0.485,0.155,0.475,0.66,0.46,0.625,0.27,0.74,0.67,0.0875,0.288,0.582857142857143,0.626,1,1,1,3.26,4.26,4.88,3.35,4.32
"NM-1007.jpg","5d7f8ffae664ab001967d9d3_7mrcg",26,"Male","Homosexual","No Religion",0,0,"High School","Estonia","Caucasian","01/09/2022","12:40:11",4.83090166666607,11.4835616666714,"1920x1080",2.0736,60.02,"chrome","104.0.0","Desktop","Windows 10",99,3935.69999998808,0.629974,0.629974,0.5,1e-04,86,0.609978,1182.39999997616,0.22,"Male","Same",0.2125,0.4625,0.4925,1,0.535,0.9475,0.551666666666667,0.568333333333333,0.79,0.38,0,1,0.32,0.61,0.63,0.78,1,0.31,0.625,0.46,0.52,0.375,0.565,0.4,0.325,0.61,0.485,0.155,0.475,0.66,0.46,0.625,0.27,0.74,0.67,0.0875,0.288,0.582857142857143,0.626,1,1,1,3.12,3.58,3.72,2.96,3.46
"NM-1010.jpg","5d7f8ffae664ab001967d9d3_7mrcg",26,"Male","Homosexual","No Religion",0,0,"High School","Estonia","Caucasian","01/09/2022","12:40:11",4.83090166666607,11.4835616666714,"1920x1080",2.0736,60.02,"chrome","104.0.0","Desktop","Windows 10",71,3506.80000001192,0.30004,0.270046,0.5,1e-04,6,0.709958,1341.09999996424,0.42,"Male","Same",0.2125,0.4625,0.4925,1,0.535,0.9475,0.551666666666667,0.568333333333333,0.79,0.38,0,1,0.32,0.61,0.63,0.78,1,0.31,0.625,0.46,0.52,0.375,0.565,0.4,0.325,0.61,0.485,0.155,0.475,0.66,0.46,0.625,0.27,0.74,0.67,0.0875,0.288,0.582857142857143,0.626,1,1,1,2.98,3.69,4.62,2.73,3.71
"NM-1011.jpg","5d7f8ffae664ab001967d9d3_7mrcg",26,"Male","Homosexual","No Religion",0,0,"High School","Estonia","Caucasian","01/09/2022","12:40:11",4.83090166666607,11.4835616666714,"1920x1080",2.0736,60.02,"chrome","104.0.0","Desktop","Windows 10",41,6229.60000002384,0.589982,0.230054,0.5,1e-04,80,0.759948,1216,0.52,"Male","Same",0.2125,0.4625,0.4925,1,0.535,0.9475,0.551666666666667,0.568333333333333,0.79,0.38,0,1,0.32,0.61,0.63,0.78,1,0.31,0.625,0.46,0.52,0.375,0.565,0.4,0.325,0.61,0.485,0.155,0.475,0.66,0.46,0.625,0.27,0.74,0.67,0.0875,0.288,0.582857142857143,0.626,1,1,1,4.1,4.21,5.02,3.32,3.97
"NM-1019.jpg","5d7f8ffae664ab001967d9d3_7mrcg",26,"Male","Homosexual","No Religion",0,0,"High School","Estonia","Caucasian","01/09/2022","12:40:11",4.83090166666607,11.4835616666714,"1920x1080",2.0736,60.02,"chrome","104.0.0","Desktop","Windows 10",90,4351.5,0.789942,0.869926,0.629974,1e-04,96,0.54999,1192.60000002384,0.1,"Male","Same",0.2125,0.4625,0.4925,1,0.535,0.9475,0.551666666666667,0.568333333333333,0.79,0.38,0,1,0.32,0.61,0.63,0.78,1,0.31,0.625,0.46,0.52,0.375,0.565,0.4,0.325,0.61,0.485,0.155,0.475,0.66,0.46,0.625,0.27,0.74,0.67,0.0875,0.288,0.582857142857143,0.626,1,1,1,3.15,4.48,5.09,4.42,4.14
"NM-1027.jpg","5d7f8ffae664ab001967d9d3_7mrcg",26,"Male","Homosexual","No Religion",0,0,"High School","Estonia","Caucasian","01/09/2022","12:40:11",4.83090166666607,11.4835616666714,"1920x1080",2.0736,60.02,"chrome","104.0.0","Desktop","Windows 10",26,4753.39999997616,0.689962,0.609978,0.619976,1e-04,85,0.729954,1260.19999998808,0.46,"Male","Same",0.2125,0.4625,0.4925,1,0.535,0.9475,0.551666666666667,0.568333333333333,0.79,0.38,0,1,0.32,0.61,0.63,0.78,1,0.31,0.625,0.46,0.52,0.375,0.565,0.4,0.325,0.61,0.485,0.155,0.475,0.66,0.46,0.625,0.27,0.74,0.67,0.0875,0.288,0.582857142857143,0.626,1,1,1,3.85,3.56,4.11,3.24,3.64
"NM-1029.jpg","5d7f8ffae664ab001967d9d3_7mrcg",26,"Male","Homosexual","No Religion",0,0,"High School","Estonia","Caucasian","01/09/2022","12:40:11",4.83090166666607,11.4835616666714,"1920x1080",2.0736,60.02,"chrome","104.0.0","Desktop","Windows 10",25,4003.5,0.64997,0.719956,0.5,0.679964,49,0.190062,1726.80000001192,-0.62,"Male","Same",0.2125,0.4625,0.4925,1,0.535,0.9475,0.551666666666667,0.568333333333333,0.79,0.38,0,1,0.32,0.61,0.63,0.78,1,0.31,0.625,0.46,0.52,0.375,0.565,0.4,0.325,0.61,0.485,0.155,0.475,0.66,0.46,0.625,0.27,0.74,0.67,0.0875,0.288,0.582857142857143,0.626,1,1,1,4.36,2.78,3.72,2.38,3.38
"NM-1033.jpg","5d7f8ffae664ab001967d9d3_7mrcg",26,"Male","Homosexual","No Religion",0,0,"High School","Estonia","Caucasian","01/09/2022","12:40:11",4.83090166666607,11.4835616666714,"1920x1080",2.0736,60.02,"chrome","104.0.0","Desktop","Windows 10",94,4504.39999997616,0.69996,0.719956,0.5,1e-04,24,0.9999,1386,1,"Male","Same",0.2125,0.4625,0.4925,1,0.535,0.9475,0.551666666666667,0.568333333333333,0.79,0.38,0,1,0.32,0.61,0.63,0.78,1,0.31,0.625,0.46,0.52,0.375,0.565,0.4,0.325,0.61,0.485,0.155,0.475,0.66,0.46,0.625,0.27,0.74,0.67,0.0875,0.288,0.582857142857143,0.626,1,1,1,3.37,3.67,3.6,3.52,3.73
"NM-1035.jpg","5d7f8ffae664ab001967d9d3_7mrcg",26,"Male","Homosexual","No Religion",0,0,"High School","Estonia","Caucasian","01/09/2022","12:40:11",4.83090166666607,11.4835616666714,"1920x1080",2.0736,60.02,"chrome","104.0.0","Desktop","Windows 10",38,5255,0.9999,0.9999,0.5,1e-04,95,0.959908,1496.10000002384,0.92,"Male","Same",0.2125,0.4625,0.4925,1,0.535,0.9475,0.551666666666667,0.568333333333333,0.79,0.38,0,1,0.32,0.61,0.63,0.78,1,0.31,0.625,0.46,0.52,0.375,0.565,0.4,0.325,0.61,0.485,0.155,0.475,0.66,0.46,0.625,0.27,0.74,0.67,0.0875,0.288,0.582857142857143,0.626,1,1,1,4,3.65,4.39,3.08,4.25
"NM-1038.jpg","5d7f8ffae664ab001967d9d3_7mrcg",26,"Male","Homosexual","No Religion",0,0,"High School","Estonia","Caucasian","01/09/2022","12:40:11",4.83090166666607,11.4835616666714,"1920x1080",2.0736,60.02,"chrome","104.0.0","Desktop","Windows 10",63,5364.10000002384,0.659968,0.609978,0.5,0.639972,66,0.819936,2071.59999996424,0.64,"Male","Same",0.2125,0.4625,0.4925,1,0.535,0.9475,0.551666666666667,0.568333333333333,0.79,0.38,0,1,0.32,0.61,0.63,0.78,1,0.31,0.625,0.46,0.52,0.375,0.565,0.4,0.325,0.61,0.485,0.155,0.475,0.66,0.46,0.625,0.27,0.74,0.67,0.0875,0.288,0.582857142857143,0.626,1,1,1,4.11,4.05,4.74,3.47,5.13
"NM-1052.jpg","5d7f8ffae664ab001967d9d3_7mrcg",26,"Male","Homosexual","No Religion",0,0,"High School","Estonia","Caucasian","01/09/2022","12:40:11",4.83090166666607,11.4835616666714,"1920x1080",2.0736,60.02,"chrome","104.0.0","Desktop","Windows 10",84,6173.69999998808,0.539992,0.260048,0.5,1e-04,103,0.290042,1719.80000001192,-0.42,"Male","Same",0.2125,0.4625,0.4925,1,0.535,0.9475,0.551666666666667,0.568333333333333,0.79,0.38,0,1,0.32,0.61,0.63,0.78,1,0.31,0.625,0.46,0.52,0.375,0.565,0.4,0.325,0.61,0.485,0.155,0.475,0.66,0.46,0.625,0.27,0.74,0.67,0.0875,0.288,0.582857142857143,0.626,1,1,1,2.98,4.43,4.94,4.51,3.7
"NM-1055.jpg","5d7f8ffae664ab001967d9d3_7mrcg",26,"Male","Homosexual","No Religion",0,0,"High School","Estonia","Caucasian","01/09/2022","12:40:11",4.83090166666607,11.4835616666714,"1920x1080",2.0736,60.02,"chrome","104.0.0","Desktop","Windows 10",107,4409.5,0.569986,0.559988,0.5,0.909918,78,0.280044,1258,-0.44,"Male","Same",0.2125,0.4625,0.4925,1,0.535,0.9475,0.551666666666667,0.568333333333333,0.79,0.38,0,1,0.32,0.61,0.63,0.78,1,0.31,0.625,0.46,0.52,0.375,0.565,0.4,0.325,0.61,0.485,0.155,0.475,0.66,0.46,0.625,0.27,0.74,0.67,0.0875,0.288,0.582857142857143,0.626,1,1,1,3.37,3.76,4.46,3.12,3.8
"NM-1058.jpg","5d7f8ffae664ab001967d9d3_7mrcg",26,"Male","Homosexual","No Religion",0,0,"High School","Estonia","Caucasian","01/09/2022","12:40:11",4.83090166666607,11.4835616666714,"1920x1080",2.0736,60.02,"chrome","104.0.0","Desktop","Windows 10",21,6826.10000002384,0.829934,0.809938,0.5,1e-04,44,0.69996,1024.30000001192,0.4,"Male","Same",0.2125,0.4625,0.4925,1,0.535,0.9475,0.551666666666667,0.568333333333333,0.79,0.38,0,1,0.32,0.61,0.63,0.78,1,0.31,0.625,0.46,0.52,0.375,0.565,0.4,0.325,0.61,0.485,0.155,0.475,0.66,0.46,0.625,0.27,0.74,0.67,0.0875,0.288,0.582857142857143,0.626,1,1,1,4.25,4.58,4.79,4.71,4.71
"NM-1064.jpg","5d7f8ffae664ab001967d9d3_7mrcg",26,"Male","Homosexual","No Religion",0,0,"High School","Estonia","Caucasian","01/09/2022","12:40:11",4.83090166666607,11.4835616666714,"1920x1080",2.0736,60.02,"chrome","104.0.0","Desktop","Windows 10",64,3860.40000003576,0.789942,0.729954,0.310038,0.030094,100,0.59998,2336.39999997616,0.2,"Male","Same",0.2125,0.4625,0.4925,1,0.535,0.9475,0.551666666666667,0.568333333333333,0.79,0.38,0,1,0.32,0.61,0.63,0.78,1,0.31,0.625,0.46,0.52,0.375,0.565,0.4,0.325,0.61,0.485,0.155,0.475,0.66,0.46,0.625,0.27,0.74,0.67,0.0875,0.288,0.582857142857143,0.626,1,1,1,4.62,3.49,3.91,3.49,4.47
"NM-1070.jpg","5d7f8ffae664ab001967d9d3_7mrcg",26,"Male","Homosexual","No Religion",0,0,"High School","Estonia","Caucasian","01/09/2022","12:40:11",4.83090166666607,11.4835616666714,"1920x1080",2.0736,60.02,"chrome","104.0.0","Desktop","Windows 10",57,5739.5,0.539992,0.559988,0.5,0.010098,48,0.130074,1159.80000001192,-0.74,"Male","Same",0.2125,0.4625,0.4925,1,0.535,0.9475,0.551666666666667,0.568333333333333,0.79,0.38,0,1,0.32,0.61,0.63,0.78,1,0.31,0.625,0.46,0.52,0.375,0.565,0.4,0.325,0.61,0.485,0.155,0.475,0.66,0.46,0.625,0.27,0.74,0.67,0.0875,0.288,0.582857142857143,0.626,1,1,1,3.31,3.73,4.22,2.94,3.69
"NM-1074.jpg","5d7f8ffae664ab001967d9d3_7mrcg",26,"Male","Homosexual","No Religion",0,0,"High School","Estonia","Caucasian","01/09/2022","12:40:11",4.83090166666607,11.4835616666714,"1920x1080",2.0736,60.02,"chrome","104.0.0","Desktop","Windows 10",34,5494.69999998808,0.709958,0.759948,0.579984,1e-04,32,0.20006,1163.19999998808,-0.6,"Male","Same",0.2125,0.4625,0.4925,1,0.535,0.9475,0.551666666666667,0.568333333333333,0.79,0.38,0,1,0.32,0.61,0.63,0.78,1,0.31,0.625,0.46,0.52,0.375,0.565,0.4,0.325,0.61,0.485,0.155,0.475,0.66,0.46,0.625,0.27,0.74,0.67,0.0875,0.288,0.582857142857143,0.626,1,1,1,4.14,3.66,4.32,3.96,4.48
"NM-1090.jpg","5d7f8ffae664ab001967d9d3_7mrcg",26,"Male","Homosexual","No Religion",0,0,"High School","Estonia","Caucasian","01/09/2022","12:40:11",4.83090166666607,11.4835616666714,"1920x1080",2.0736,60.02,"chrome","104.0.0","Desktop","Windows 10",39,4751.80000001192,0.639972,0.679964,0.5,1e-04,87,0.629974,1393.19999998808,0.26,"Male","Same",0.2125,0.4625,0.4925,1,0.535,0.9475,0.551666666666667,0.568333333333333,0.79,0.38,0,1,0.32,0.61,0.63,0.78,1,0.31,0.625,0.46,0.52,0.375,0.565,0.4,0.325,0.61,0.485,0.155,0.475,0.66,0.46,0.625,0.27,0.74,0.67,0.0875,0.288,0.582857142857143,0.626,1,1,1,4.35,3.56,4.11,3.14,4.53
"NM-1091.jpg","5d7f8ffae664ab001967d9d3_7mrcg",26,"Male","Homosexual","No Religion",0,0,"High School","Estonia","Caucasian","01/09/2022","12:40:11",4.83090166666607,11.4835616666714,"1920x1080",2.0736,60.02,"chrome","104.0.0","Desktop","Windows 10",59,4307.5,0.84993,0.719956,0.5,0.579984,38,0.430014,1804.60000002384,-0.14,"Male","Same",0.2125,0.4625,0.4925,1,0.535,0.9475,0.551666666666667,0.568333333333333,0.79,0.38,0,1,0.32,0.61,0.63,0.78,1,0.31,0.625,0.46,0.52,0.375,0.565,0.4,0.325,0.61,0.485,0.155,0.475,0.66,0.46,0.625,0.27,0.74,0.67,0.0875,0.288,0.582857142857143,0.626,1,1,1,4.07,3.65,4.3,3.3,4.26
"NM-1092.jpg","5d7f8ffae664ab001967d9d3_7mrcg",26,"Male","Homosexual","No Religion",0,0,"High School","Estonia","Caucasian","01/09/2022","12:40:11",4.83090166666607,11.4835616666714,"1920x1080",2.0736,60.02,"chrome","104.0.0","Desktop","Windows 10",24,4990.40000003576,0.210058,0.140072,0.669966,1e-04,10,1e-04,1231,-1,"Male","Same",0.2125,0.4625,0.4925,1,0.535,0.9475,0.551666666666667,0.568333333333333,0.79,0.38,0,1,0.32,0.61,0.63,0.78,1,0.31,0.625,0.46,0.52,0.375,0.565,0.4,0.325,0.61,0.485,0.155,0.475,0.66,0.46,0.625,0.27,0.74,0.67,0.0875,0.288,0.582857142857143,0.626,1,1,1,3.48,3.66,3.96,3.42,3.52
"NM-1102.jpg","5d7f8ffae664ab001967d9d3_7mrcg",26,"Male","Homosexual","No Religion",0,0,"High School","Estonia","Caucasian","01/09/2022","12:40:11",4.83090166666607,11.4835616666714,"1920x1080",2.0736,60.02,"chrome","104.0.0","Desktop","Windows 10",105,6269,0.619976,0.619976,0.5,1e-04,71,0.59998,1347.40000003576,0.2,"Male","Same",0.2125,0.4625,0.4925,1,0.535,0.9475,0.551666666666667,0.568333333333333,0.79,0.38,0,1,0.32,0.61,0.63,0.78,1,0.31,0.625,0.46,0.52,0.375,0.565,0.4,0.325,0.61,0.485,0.155,0.475,0.66,0.46,0.625,0.27,0.74,0.67,0.0875,0.288,0.582857142857143,0.626,1,1,1,4.4,3.62,3.98,2.94,4.45
"NM-1104.jpg","5d7f8ffae664ab001967d9d3_7mrcg",26,"Male","Homosexual","No Religion",0,0,"High School","Estonia","Caucasian","01/09/2022","12:40:11",4.83090166666607,11.4835616666714,"1920x1080",2.0736,60.02,"chrome","104.0.0","Desktop","Windows 10",89,5080.39999997616,0.30004,0.330034,0.130074,1e-04,101,0.240052,1633,-0.52,"Male","Same",0.2125,0.4625,0.4925,1,0.535,0.9475,0.551666666666667,0.568333333333333,0.79,0.38,0,1,0.32,0.61,0.63,0.78,1,0.31,0.625,0.46,0.52,0.375,0.565,0.4,0.325,0.61,0.485,0.155,0.475,0.66,0.46,0.625,0.27,0.74,0.67,0.0875,0.288,0.582857142857143,0.626,1,1,1,3.54,3.92,4.56,4.08,3.73
