PhotoID,FType,Dominant_mean,Dominant_sd,Dominant_nu,Trust_mean,Trust_sd,Trust_nu,Smart_mean,Smart_sd,Smart_nu,Warm_mean,Warm_sd,Warm_nu,Attract_mean,Attract_sd,Attract_nu,Express_mean,Express_sd,Express_nu,Smile_mean,Smile_sd,Smile_nu,Amb_mean,Amb_sd,Amb_nu,Fem_mean,Fem_sd,Fem_nu,Male_count,Female_count,Gendother_count,Prop_female,Prop_male,Prop_gendother,Gender_nu,Gender_cat,RaceProt_As,RaceProt_Bl,RaceProt_Lat,RaceProt_Mid,RaceProt_Mult,RaceProt_Wh,RaceProt_As_sd,RaceProt_Bl_sd,RaceProt_Lat_sd,RaceProt_Mid_sd,RaceProt_Mult_sd,RaceProt_Wh_sd,RaceProt_As_nu,RaceProt_Bl_nu,RaceProt_Lat_nu,RaceProt_Mid_nu,RaceProt_Mult_nu,RaceProt_Wh_nu,Race_cat,Race_nu,Race_ca,Race_cb,Race_cl,Race_cmid,Race_cm,Race_cw,Race_co,Prop_As,Prop_Bl,Prop_Lat,Prop_Mid,Prop_Mult,Prop_Wh,Prop_Other
1001,0,3.27,1.58,51,3.84,1.05,51,3.75,1.29,51,4.02,1.44,51,3.27,1.28,51,4.24,1.09,51,3.57,1.92,51,4.24,1.57,51,4.02,1.19,51,2,49,0,0.96,0.04,0,51,1,3.08,1.9,5.63,2.75,4.29,2.86,1.78,1.02,1.18,1.59,1.81,1.77,51,51,51,51,51,51,3,51,3,0,29,3,7,3,6,0.06,0,0.57,0.06,0.14,0.06,0.12
1002,0,2.75,1.43,40,4,1.2,40,4.43,1.13,40,3.55,1.3,40,4.05,1.28,40,3.8,1.2,40,2.75,2.26,40,3.92,1.31,39,5.18,1.07,39,0,39,0,1,0,0,39,1,2.26,1.95,4.23,5.41,4.59,3.85,1.35,1.19,1.61,1.23,1.6,1.65,39,39,39,39,39,39,4,39,2,0,6,21,6,4,0,0.05,0,0.15,0.54,0.15,0.1,0
1003,0,3.28,1.86,43,4.19,1.14,43,4.47,1.01,43,3.86,1.49,43,5.07,1.18,43,4.19,0.98,43,2.16,2.16,43,4.28,1.26,43,5.67,1.04,43,0,43,0,1,0,0,43,1,3.21,3.09,5.16,3.19,4.77,3.35,1.75,1.66,1.19,1.61,1.65,1.57,42,43,43,43,43,43,3,43,6,1,20,1,15,0,0,0.14,0.02,0.47,0.02,0.35,0,0
1004,0,2.96,1.43,52,4.9,1.11,52,4.63,1.12,52,5.29,1.09,52,4.29,1.32,52,5.44,0.87,52,5.15,1.8,52,2.88,1.65,52,5.27,1.14,52,2,50,0,0.96,0.04,0,52,1,2.04,6.29,3.23,2.46,4.13,2.35,1.51,0.89,1.78,1.46,1.69,1.52,52,52,52,52,52,52,2,52,2,48,0,0,2,0,0,0.04,0.92,0,0,0.04,0,0
1005,0,2.88,1.53,51,4.39,1.11,51,4.8,1,51,4.04,1.3,51,5.24,0.84,51,4.31,0.95,51,2.94,2.1,51,4.04,1.46,51,5.78,0.78,51,0,51,0,1,0,0,51,1,5.24,1.67,4.47,3.02,4.92,2.92,1.66,1.01,1.85,1.66,1.62,1.57,51,51,51,51,51,51,1,51,29,0,15,0,7,0,0,0.57,0,0.29,0,0.14,0,0
1006,0,3.52,1.36,64,4.16,1.03,64,4.5,1.1,64,3.34,1.17,64,3.42,1.23,64,3.61,0.99,64,2.31,2.08,64,3.97,1.46,64,4.77,1.07,64,0,64,0,1,0,0,64,1,2.31,2.3,4.42,4.44,4.56,4.59,1.33,1.33,1.59,1.7,1.55,1.58,64,64,64,64,64,64,7,64,0,1,13,20,9,21,0,0,0.02,0.2,0.31,0.14,0.33,0
1007,0,3.12,1.48,50,3.58,1.42,50,3.72,1.4,50,2.96,1.47,50,3.46,1.43,50,3.2,0.99,50,1.48,1.78,50,3.72,1.37,50,2.74,1.03,50,50,0,0,0,1,0,50,2,2.66,2.04,5.56,3.7,4.44,3.78,1.56,1.12,1.18,1.47,1.53,1.68,50,50,50,50,50,50,3,50,1,0,33,2,11,3,0,0.02,0,0.66,0.04,0.22,0.06,0
1008,0,2.05,1.19,42,4.45,1.23,42,4.36,1.32,42,4.5,1.66,42,4.95,1.1,42,4.67,0.85,42,3.5,2.23,42,4.36,1.1,42,5.67,0.85,42,0,42,0,1,0,0,42,1,4.24,1.93,4.88,3.21,4.62,3.02,1.97,1.26,1.71,1.52,1.71,1.65,42,42,42,42,42,42,3,42,12,0,19,2,7,1,1,0.29,0,0.45,0.05,0.17,0.02,0.02
1009,0,2.94,1.3,52,4.62,1.21,52,4.92,1.03,52,4.96,1.2,52,4.9,1.05,52,5.1,0.87,52,4.37,1.87,52,4.04,1.45,52,5.69,0.94,52,1,51,0,0.98,0.02,0,52,1,2.67,2.13,4.75,3.71,4.71,5.19,1.44,1.36,1.22,1.74,1.73,1.46,52,52,52,52,52,52,7,52,1,0,7,6,18,20,0,0.02,0,0.13,0.12,0.35,0.38,0
1010,0,2.98,1.65,52,3.69,1.54,52,4.62,1.46,52,2.73,1.5,52,3.71,1.23,52,3.06,1.19,52,1.54,2.01,52,4.04,1.36,51,2.65,0.98,51,50,0,1,0,0.98,0.02,51,2,2.39,5.51,4.18,3.35,5.1,2.78,1.64,1.29,1.63,1.75,1.6,1.59,51,51,51,51,51,51,2,51,1,30,3,4,13,0,0,0.02,0.59,0.06,0.08,0.25,0,0
1011,0,4.1,1.52,62,4.21,1.15,62,5.02,1.15,62,3.32,1.41,62,3.97,1.24,62,3.58,1.05,62,1.94,2.07,62,3.13,1.68,62,2.52,0.94,62,62,0,0,0,1,0,62,2,6.48,1.77,3.07,2.7,3.85,2.56,0.72,1.12,1.74,1.49,1.72,1.47,62,61,61,61,61,61,1,62,59,0,1,1,1,0,0,0.95,0,0.02,0.02,0.02,0,0
1012,0,2.98,1.43,58,4.22,1.12,58,4.36,1.07,58,4.24,1.3,58,4.31,1.22,58,4.38,0.93,58,3.12,2,58,3.69,1.45,58,5.31,1.17,58,0,58,0,1,0,0,58,1,3.38,3.02,5.84,3.9,4.74,3.22,1.7,1.71,1.17,1.42,1.47,1.58,58,58,58,58,58,58,3,58,3,0,40,6,7,0,2,0.05,0,0.69,0.1,0.12,0,0.03
1013,0,3.58,1.75,50,3.92,1.18,50,4.72,1.51,50,2.92,1.37,50,4.6,1.18,50,3.44,0.95,50,1.64,1.87,50,2.78,1.59,50,5.18,1.01,49,0,50,0,1,0,0,50,1,6.4,1.72,2.52,2.58,3.84,3.48,0.95,1.05,1.73,1.53,1.91,1.93,50,50,50,50,50,50,1,50,43,1,1,0,5,0,0,0.86,0.02,0.02,0,0.1,0,0
1014,0,2.83,1.42,47,4.4,1.09,48,4.54,0.87,48,4.71,1.17,49,4.16,1.2,49,5.22,0.98,49,4.94,1.49,49,3.92,1.43,49,4.82,1.15,49,0,49,0,1,0,0,49,1,3.59,1.86,4.22,2.57,4.16,4.82,1.84,1.4,1.69,1.5,1.85,1.56,49,49,49,49,49,49,7,49,10,0,8,0,9,20,2,0.2,0,0.16,0,0.18,0.41,0.04
1015,0,3.57,1.47,46,4.48,1.33,46,4.89,1.25,46,4.26,1.36,46,4.63,1.25,46,4.63,1,46,3.2,2.52,46,3.57,1.63,46,5.15,1.33,46,0,46,0,1,0,0,46,1,5.26,2,3.96,2.5,4.7,3.48,1.76,1.35,2,1.55,1.55,1.63,46,46,46,46,46,46,1,46,24,0,10,0,11,0,1,0.52,0,0.22,0,0.24,0,0.02
1016,0,3.43,1.8,44,4,1.35,44,4.52,1.09,44,4.3,1.49,44,5.2,0.88,44,4.98,1,44,4.32,1.51,44,3.45,1.17,44,5.93,0.79,44,0,44,0,1,0,0,44,1,2.05,1.91,5.18,3.89,4.52,4.41,1.08,1.1,1.42,2.13,1.55,1.67,44,44,44,44,44,44,3,44,0,0,18,12,3,11,0,0,0,0.41,0.27,0.07,0.25,0
1017,0,3.8,1.8,46,4.13,1.19,46,4.15,1.13,46,3.3,1.44,46,5.04,1.19,46,3.5,1.03,46,1.74,2.09,46,3.91,1.47,46,5.33,1.27,46,0,46,0,1,0,0,46,1,4.46,2.24,4.43,2.7,5.07,4.15,1.72,1.34,1.77,1.47,1.65,1.69,46,46,46,46,46,46,3,46,7,0,18,0,12,9,0,0.15,0,0.39,0,0.26,0.2,0
1018,0,3.22,1.49,51,4.88,1.14,51,5.06,1.24,51,5.06,1.14,51,5.47,0.9,51,5.33,0.77,51,4.94,1.67,51,3.65,1.32,51,5.67,0.93,51,0,51,0,1,0,0,51,1,2.65,2.02,5.12,3.84,4.51,4.96,1.53,1.16,1.35,1.45,1.36,1.25,51,51,51,51,51,51,3,51,0,1,23,6,7,14,0,0,0.02,0.45,0.12,0.14,0.27,0
1019,0,3.15,1.43,66,4.48,1.19,66,5.09,0.91,65,4.42,0.99,66,4.14,1.05,66,4.42,0.79,66,2.77,2.26,65,3.17,1.41,66,2.48,0.9,66,66,0,0,0,1,0,66,2,6.38,1.91,2.97,2.3,3.98,2.45,0.99,1.2,1.75,1.36,1.71,1.27,66,66,66,66,66,66,1,66,59,1,2,0,4,0,0,0.89,0.02,0.03,0,0.06,0,0
1020,0,3.38,1.62,52,3.71,1.35,52,4.25,1.51,51,3.02,1.32,52,4.3,1.35,53,3.19,1.06,53,2.09,1.86,53,3.25,1.67,53,5.02,1.07,53,0,53,0,1,0,0,53,1,5.68,1.49,3.06,2.49,3.89,3.15,1.49,0.93,1.91,1.61,1.76,1.71,53,53,53,53,53,53,1,53,36,1,9,0,6,1,0,0.68,0.02,0.17,0,0.11,0.02,0
1021,0,3.86,1.77,51,3.92,1.21,51,4.76,1.05,51,3.53,1.39,51,4.8,1.13,51,4.04,0.94,51,3,2.16,51,4.12,1.31,51,5.29,0.9,51,0,51,0,1,0,0,51,1,4.2,2.65,5.2,3.43,4.63,2.92,2,1.65,1.33,1.76,1.68,1.62,51,51,51,51,51,51,3,51,15,2,22,3,9,0,0,0.29,0.04,0.43,0.06,0.18,0,0
1022,0,3.02,1.64,51,4.04,1.2,51,4.18,1.38,51,3.84,1.3,51,4.37,1.25,51,3.78,1.22,51,2.63,2.18,51,3.86,1.41,51,5.02,1.12,51,0,51,0,1,0,0,51,1,3.16,2.96,5.92,3.92,4.86,3.02,1.8,1.48,1.04,1.28,1.5,1.61,51,51,51,51,51,51,3,51,1,2,34,2,11,0,1,0.02,0.04,0.67,0.04,0.22,0,0.02
1023,0,3.82,1.52,49,4.78,1.39,49,5.08,1.13,49,4.47,1.42,49,4.94,1.16,49,4.49,0.92,49,3.22,2.56,49,2.86,1.67,49,5.63,1.05,49,0,48,1,0.98,0,0.02,49,1,1.42,6.39,2.78,1.88,4.1,2.04,0.77,0.89,1.66,1.22,1.73,1.44,48,49,49,49,49,49,2,49,0,46,0,0,2,1,0,0,0.94,0,0,0.04,0.02,0
1024,0,3.33,1.87,52,3.77,1.34,52,4.35,1.17,52,3.42,1.61,52,4.21,1.29,52,3.9,1.28,51,2.67,2.3,52,4.22,1.38,51,5.29,1.32,52,0,52,0,1,0,0,52,1,3.1,3.51,4.82,4.8,4.73,2.78,1.99,1.9,1.41,1.74,1.47,1.75,51,51,51,51,52,51,3,52,5,6,17,15,7,0,2,0.1,0.12,0.33,0.29,0.13,0,0.04
1025,0,3.63,1.81,49,4,1.41,49,4.76,1.32,49,3.67,1.48,49,4.37,1.3,49,4.51,1.16,49,3.29,2.28,49,4.24,1.71,49,5.2,1.17,49,0,49,0,1,0,0,49,1,4.44,2.42,4,2.98,4.49,5.14,1.74,1.65,1.65,1.73,1.76,1.4,48,48,48,48,49,49,5,49,12,2,3,0,19,13,0,0.24,0.04,0.06,0,0.39,0.27,0
1026,0,3.71,1.56,58,3.33,1.39,58,4.05,1.28,58,2.75,1.33,59,3.71,1.18,59,3,1.03,59,1.52,1.73,58,4.22,1.25,59,4.61,1.17,59,1,58,0,0.98,0.02,0,59,1,2.63,2.8,5.44,3.9,5.17,4.07,1.43,1.63,1.18,1.53,1.22,1.55,59,59,59,59,59,59,3,59,0,0,31,4,19,4,1,0,0,0.53,0.07,0.32,0.07,0.02
1027,0,3.85,1.54,55,3.56,1.36,55,4.11,1.23,55,3.24,1.51,55,3.64,1.5,55,3.84,1,55,2.18,2.23,55,3.67,1.66,55,2.44,1.03,55,55,0,0,0,1,0,55,2,2.67,2.18,5.91,3.67,4.24,3.02,1.83,1.36,1.24,1.69,1.99,1.74,55,55,55,55,55,55,3,55,1,1,41,6,3,3,0,0.02,0.02,0.75,0.11,0.05,0.05,0
1028,0,3.02,1.48,52,4.06,1.32,52,4.38,1.29,52,3.4,1.52,52,4.54,1.23,52,3.87,1.05,52,1.87,2.15,52,3.81,1.37,52,5.37,0.99,52,1,51,0,0.98,0.02,0,52,1,2.29,2.41,5.44,4.41,5,4.06,1.57,1.59,1.45,1.39,1.33,1.58,51,51,52,51,51,50,3,52,0,0,33,7,8,3,1,0,0,0.63,0.13,0.15,0.06,0.02
1029,0,4.36,1.65,50,2.78,1.37,50,3.72,1.4,50,2.38,1.26,50,3.38,1.47,50,3.06,1.35,50,1.84,1.78,50,2.52,1.66,50,1.98,0.94,50,49,1,0,0.02,0.98,0,50,2,1.76,1.46,2.4,2.78,2.64,6.36,1.06,0.76,1.58,1.64,1.6,0.96,50,50,50,50,50,50,7,50,0,1,0,0,0,49,0,0,0.02,0,0,0,0.98,0
1030,0,3.28,1.63,50,4.82,1.27,50,5.18,1.02,50,4.72,1.23,50,5.04,1.14,50,4.96,0.91,49,4.31,1.81,49,3.5,1.52,50,5.54,1.27,50,0,50,0,1,0,0,50,1,6.14,1.78,3.88,2.45,4.6,3.06,0.86,1.27,1.77,1.57,1.92,1.65,50,50,50,49,50,50,1,50,38,0,1,0,10,1,0,0.76,0,0.02,0,0.2,0.02,0
1031,0,3.68,1.59,47,4.19,1.31,47,4.36,1.13,47,3.74,1.42,47,4.36,1.22,47,3.55,1.08,47,2.04,2.2,47,4.11,1.25,46,5.15,1.06,47,1,46,0,0.98,0.02,0,47,1,3.77,2.6,5.64,3.7,4.66,2.6,1.73,1.62,0.87,1.52,1.65,1.51,47,47,47,47,47,47,3,47,7,0,30,1,7,2,0,0.15,0,0.64,0.02,0.15,0.04,0
1032,0,3.67,1.79,48,4.27,1.51,48,4.73,1.43,48,4.02,1.71,49,5.49,1.02,49,4.14,1.27,49,2.22,2.26,49,4.27,1.32,49,6.06,0.9,49,0,49,0,1,0,0,49,1,2.29,2.31,5.69,3.54,4.75,3.98,1.44,1.6,1.24,1.83,1.54,2.03,48,48,48,48,48,49,3,48,0,1,25,3,9,10,0,0,0.02,0.52,0.06,0.19,0.21,0
1033,0,3.37,1.55,52,3.67,0.92,52,3.6,1,52,3.52,1.21,52,3.73,1.27,52,4.1,1,52,2.87,2.18,52,3.25,1.53,52,2.6,1,52,51,1,0,0.02,0.98,0,52,2,2.77,2.13,6.31,2.98,4.27,2.63,1.77,1.47,0.88,1.66,1.79,1.56,52,52,52,52,52,52,3,52,1,1,47,1,2,0,0,0.02,0.02,0.9,0.02,0.04,0,0
1034,0,2.7,1.38,46,3.41,1.42,46,3.74,1.24,46,2.63,1.44,46,3.67,1.37,46,2.8,1.09,46,1.8,1.86,46,4.35,1.3,46,5.11,1.06,46,0,46,0,1,0,0,46,1,3.28,2.5,5.28,3.7,4.8,3.24,1.68,1.46,1.09,1.59,1.51,1.51,46,46,46,46,46,46,3,46,4,0,31,1,10,0,0,0.09,0,0.67,0.02,0.22,0,0
1035,0,4,1.6,51,3.65,1.35,51,4.39,1.2,51,3.08,1.41,51,4.25,1.43,51,3.49,1.25,51,1.9,1.99,51,4.02,1.32,51,2.33,0.99,51,51,0,0,0,1,0,51,2,5.53,2.61,4.25,2.88,4.78,2.73,1.57,1.76,1.83,1.68,1.64,1.72,51,51,51,51,51,51,1,51,28,5,7,0,11,0,0,0.55,0.1,0.14,0,0.22,0,0
1036,0,3.12,1.42,42,4.24,1.03,42,4.4,1.04,42,3.83,1.23,42,4.38,1.27,42,3.43,0.86,42,2.02,2.09,42,4.1,1.49,42,5.48,1.09,42,0,42,0,1,0,0,42,1,3.34,2.2,5.38,3.22,4.93,4.07,1.92,1.44,1.43,1.68,1.57,1.56,41,41,42,41,41,41,3,42,2,0,31,0,8,1,0,0.05,0,0.74,0,0.19,0.02,0
1037,0,2.38,1.39,45,4.36,1.33,45,4.62,1.3,45,3.82,1.39,45,4.56,1.32,45,3.98,0.89,45,2.44,2.16,45,4.09,1.53,45,5.38,0.86,45,0,45,0,1,0,0,45,1,3.59,2.7,5.32,4.4,4.3,2.66,1.85,1.55,1.62,1.79,1.72,1.52,44,43,44,45,44,44,3,45,3,0,17,16,6,0,3,0.07,0,0.38,0.36,0.13,0,0.07
1038,0,4.11,1.74,38,4.05,1.41,38,4.74,1.37,38,3.47,1.29,38,5.13,1.09,38,4.05,0.96,38,1.26,1.77,38,3.45,1.64,38,2.66,1.07,38,37,1,0,0.03,0.97,0,38,2,6.13,2.11,3.76,2.62,3.81,2.89,0.93,1.49,2.03,1.8,2.07,1.84,38,37,37,37,37,37,1,38,29,0,3,0,4,1,1,0.76,0,0.08,0,0.11,0.03,0.03
1039,0,2.84,1.45,44,4.48,1.28,44,4.52,1.25,44,4.25,1.4,44,4,1.31,44,4.34,1.08,44,3.16,2.18,44,3.32,1.31,44,5.14,1.04,43,2,41,1,0.93,0.05,0.02,44,1,2.05,1.84,3.91,3.18,3.32,5.32,1.28,1.18,1.94,1.78,1.65,1.6,44,44,44,44,44,44,7,44,0,0,10,4,5,25,0,0,0,0.23,0.09,0.11,0.57,0
1040,0,3.14,1.58,51,3.65,1.31,51,4.47,1.08,51,3.1,1.32,51,4,1.34,51,3.18,0.89,51,1.8,1.96,51,3.71,1.27,51,5.04,1.09,51,1,50,0,0.98,0.02,0,51,1,2.12,2.14,4.41,3.22,3.55,5.27,1.41,1.33,1.51,1.69,1.9,1.33,51,51,51,51,51,51,7,51,1,0,10,2,6,32,0,0.02,0,0.2,0.04,0.12,0.63,0
1041,0,2.78,1.51,45,4.29,1.5,45,4.56,1.39,45,3.27,1.48,45,4.33,1.35,45,3.31,0.92,45,1.69,1.86,45,4.38,1.37,45,4.93,1.19,45,1,44,0,0.98,0.02,0,45,1,3.93,3.27,5.42,3.64,5.69,3.27,1.71,1.45,1.03,1.55,1.08,1.71,45,45,45,45,45,45,N/A,45,5,2,18,1,18,1,0,0.11,0.04,0.4,0.02,0.4,0.02,0
1042,0,3.08,1.53,48,4.15,1.35,48,4.73,1.32,48,3.44,1.49,48,4.75,1.1,48,4.04,1.15,48,2.35,2.16,48,2.75,1.62,48,5.58,1.03,48,1,47,0,0.98,0.02,0,48,1,6.35,1.67,2.54,2.04,2.96,2.42,0.93,1.15,1.53,1.32,1.87,1.65,48,48,48,48,48,48,1,48,44,0,2,1,1,0,0,0.92,0,0.04,0.02,0.02,0,0
1043,0,3.35,1.77,48,4.21,1.11,48,4.81,1.08,48,3.29,1.29,48,4.98,1.16,48,3.33,0.95,48,1.73,1.88,48,3.04,1.37,48,5.81,0.82,48,0,48,0,1,0,0,48,1,5.96,1.65,3.35,2.31,4.19,2.92,1.22,0.96,1.92,1.43,1.84,1.71,48,48,48,48,48,48,1,48,39,0,2,0,6,1,0,0.81,0,0.04,0,0.13,0.02,0
1044,0,3.82,1.73,44,3.52,1.25,44,4.32,1.29,44,3.16,1.54,44,4.32,1.29,44,3.61,1.15,44,2.02,1.95,44,3.91,1.58,44,5.41,1.04,44,0,44,0,1,0,0,44,1,2.89,2.55,4.11,3.93,4.48,4.98,1.65,1.42,1.6,1.52,1.82,1.62,44,44,44,44,44,44,7,44,0,0,5,4,17,18,0,0,0,0.11,0.09,0.39,0.41,0
1045,0,2.85,1.37,47,4.28,1.48,47,4.55,1.16,47,4.11,1.29,47,4.89,1.22,47,4.23,0.91,47,2.32,2.29,47,3.62,1.58,47,5.74,0.82,47,1,46,0,0.98,0.02,0,47,1,5.77,2.53,4.09,2.91,4.45,2.34,1.31,1.61,1.57,1.64,1.7,1.29,47,47,47,47,47,47,1,47,37,2,4,0,3,0,1,0.79,0.04,0.09,0,0.06,0,0.02
1046,0,3.85,1.6,65,4,1.53,65,4.75,1.21,65,4.05,1.47,65,5,1.16,65,4.69,1.09,65,4,1.87,65,3.38,1.39,65,5.83,0.86,65,0,65,0,1,0,0,65,1,2.4,1.91,4.48,3.3,4.17,5.45,1.3,1.2,1.65,1.58,1.45,1.32,65,65,65,64,65,65,7,65,0,0,20,0,15,30,0,0,0,0.31,0,0.23,0.46,0
1047,0,2.7,1.44,47,3.7,1.4,47,3.85,1.2,47,3.21,1.32,47,3.74,1.29,47,3.51,1.02,47,1.68,1.66,47,3.96,1.32,47,4.66,1.09,47,1,46,0,0.98,0.02,0,47,1,5.17,2.23,4.51,3.04,4.34,2.96,1.43,1.27,1.6,1.5,1.77,1.81,47,47,47,47,47,47,1,47,24,0,14,2,7,0,0,0.51,0,0.3,0.04,0.15,0,0
1048,0,2.72,1.51,54,4.56,1.11,54,4.89,1.13,54,4.46,1.34,54,5.09,1.12,54,4.72,0.86,54,3.57,1.87,54,4,1.36,54,5.7,0.94,54,0,54,0,1,0,0,54,1,4.39,2.48,5.09,3.85,4.94,2.7,1.97,1.56,1.65,1.88,1.71,1.5,54,54,54,54,54,54,3,54,16,0,20,7,10,0,1,0.3,0,0.37,0.13,0.19,0,0.02
1049,0,3.86,1.63,57,3.98,0.94,57,4.3,1.1,57,3.68,1.21,57,4.46,1.3,57,4.07,0.98,57,2.88,2.24,57,3.88,1.5,57,5.51,1.07,57,1,56,0,0.98,0.02,0,57,1,2.86,2.81,5.84,3.74,4.68,2.82,1.44,1.54,1.26,1.6,1.53,1.34,57,57,57,57,57,57,3,57,0,0,44,6,7,0,0,0,0,0.77,0.11,0.12,0,0
1050,0,4.19,1.51,59,3.48,1.2,58,3.9,1.28,58,3.05,1.44,59,4.42,1.26,59,3.47,1.1,59,1.88,1.9,59,3.61,1.45,59,5.54,1.02,59,1,58,0,0.98,0.02,0,59,1,2.19,2.34,5.39,3.42,4.54,4.03,1.38,1.38,1.45,1.8,1.78,1.8,59,59,59,59,59,59,3,59,2,0,31,2,12,12,0,0.03,0,0.53,0.03,0.2,0.2,0
1051,0,2.67,1.24,64,4.16,1.39,64,4.31,1.26,64,4.09,1.38,64,3.91,1.27,65,4.6,1.03,65,4.12,1.45,65,3.65,1.6,65,5.22,0.91,65,0,65,0,1,0,0,65,1,3.48,1.75,3.32,2.23,4.03,5.38,2.12,1.11,1.77,1.33,1.96,1.54,65,64,65,65,65,65,7,65,14,0,5,0,17,29,0,0.22,0,0.08,0,0.26,0.45,0
1052,0,2.98,1.62,47,4.43,1.54,47,4.94,1.24,47,4.51,1.46,47,3.7,1.33,47,5.04,0.86,47,4.6,1.62,47,2.85,1.69,47,3.02,1.19,47,45,2,0,0.04,0.96,0,47,2,1.7,1.41,2.72,2.54,2.68,6.28,1.37,1,1.8,1.91,1.75,1.21,47,46,47,46,47,47,7,47,0,1,0,1,1,44,0,0,0.02,0,0.02,0.02,0.94,0
1053,0,3.76,1.58,51,3.55,1.47,51,3.98,1.12,51,3.22,1.25,51,3.45,1.55,51,3.16,0.97,51,1.92,1.7,51,3.71,1.54,51,4.98,1.17,51,0,51,0,1,0,0,51,1,2.29,2.92,5.98,3.16,4.61,3.1,1.57,1.76,0.91,1.76,1.61,1.63,51,51,51,51,51,51,3,51,1,3,36,2,7,1,1,0.02,0.06,0.71,0.04,0.14,0.02,0.02
1054,0,2.83,1.62,60,3.9,1.19,60,4.72,1.35,60,3.23,1.53,60,4.2,1.38,60,3.6,1.15,60,1.6,1.66,60,4.12,1.56,60,5.12,1.24,60,0,60,0,1,0,0,60,1,5.17,2.17,4,3.71,4.68,3.48,1.53,1.54,1.91,1.8,1.58,1.5,60,60,60,59,60,60,1,60,34,2,7,9,8,0,0,0.57,0.03,0.12,0.15,0.13,0,0
1055,0,3.37,1.71,41,3.76,1.51,41,4.46,1.55,41,3.12,1.68,41,3.8,1.45,41,3.76,1.09,41,1.98,2.36,41,3.83,1.94,41,2.32,0.82,41,41,0,0,0,1,0,41,2,4.5,1.88,4.15,3.03,4.32,4.83,1.85,1.3,1.58,1.72,2.01,1.93,40,40,40,40,41,40,5,41,11,0,3,1,13,12,1,0.27,0,0.07,0.02,0.32,0.29,0.02
1056,0,3.76,1.66,42,3.71,1.42,42,4.21,1.16,42,2.95,1.29,42,5.19,1.25,42,3.29,1.13,42,1.79,1.91,42,3.79,1.12,42,5.88,0.92,42,0,42,0,1,0,0,42,1,2.81,2.55,5.81,4.02,4.98,2.98,1.63,1.47,1.25,1.81,1.37,1.73,42,42,42,42,42,42,3,42,1,1,31,5,3,1,0,0.02,0.02,0.74,0.12,0.07,0.02,0
1057,0,2.67,1.49,51,3.8,1.3,51,3.92,1.15,51,2.82,1.41,51,4.08,1.35,51,3.35,1.2,51,2.14,2.01,51,3.73,1.5,51,5.25,1.18,51,1,50,0,0.98,0.02,0,51,1,5.84,1.82,4.2,2.82,4.12,2.8,1.3,1.24,1.8,1.62,1.64,1.74,51,51,51,50,51,51,1,51,37,0,8,0,6,0,0,0.73,0,0.16,0,0.12,0,0
1058,0,4.25,1.55,48,4.58,1.23,48,4.79,1.03,48,4.71,1.32,48,4.71,1.32,48,5.29,0.71,48,5.17,1.15,47,2.26,1.42,47,2.23,0.95,48,48,0,0,0,1,0,48,2,1.69,6.75,2.08,1.92,2.83,1.83,0.97,0.44,1.43,1.18,1.6,1.19,48,48,48,48,48,48,2,48,0,48,0,0,0,0,0,0,1,0,0,0,0,0
1059,0,3.52,1.74,48,3.4,1.38,48,3.85,1.24,48,2.56,1.4,48,3.02,1.41,48,3.1,1.1,48,1.65,1.85,48,4.27,1.59,48,4.08,1.4,48,6,42,0,0.88,0.13,0,48,1,2.29,2.46,5.42,3.27,4.67,3.52,1.47,1.54,1.27,1.73,1.59,1.65,48,48,48,48,48,48,3,48,0,2,29,6,8,1,2,0,0.04,0.6,0.13,0.17,0.02,0.04
1060,0,3.45,1.49,51,4.64,0.92,50,4.76,0.98,50,4.65,1.29,51,4.41,1.13,51,5,0.77,51,3.82,2.37,51,2.76,1.56,51,5.22,1.14,51,0,51,0,1,0,0,51,1,2.06,6.51,2.9,2.27,3.92,2.08,1.24,0.81,1.64,1.2,1.78,1.18,50,51,51,51,51,51,2,51,0,49,1,0,1,0,0,0,0.96,0.02,0,0.02,0,0
1061,0,4.36,1.43,50,4.1,1.49,50,4.52,1.22,50,3.82,1.32,50,4.64,1.31,50,3.84,1.02,50,2.14,2.06,50,2.64,1.51,50,5.42,1.03,50,0,50,0,1,0,0,50,1,1.72,6.44,3.34,2.28,4.66,2.42,1.07,0.64,1.62,1.41,1.76,1.54,50,50,50,50,50,50,2,50,0,44,0,0,6,0,0,0,0.88,0,0,0.12,0,0
1062,0,2.81,1.7,48,4.27,1.23,48,4.65,1.02,48,3.98,1.42,48,4.54,1.15,48,4.15,0.95,48,2,2.29,48,4.1,1.36,48,5.25,1.04,48,1,47,0,0.98,0.02,0,48,1,2.79,1.88,5.92,3.75,4.38,3.1,1.71,1.36,1.07,1.83,1.68,1.77,48,48,48,48,48,48,3,48,2,0,35,5,3,2,1,0.04,0,0.73,0.1,0.06,0.04,0.02
1063,0,3.24,1.57,55,3.85,1.08,55,4.16,1.13,55,3.24,1.25,55,5.44,0.94,55,3.56,1.08,55,1.55,2.05,55,3.25,1.29,55,6.05,0.83,55,1,54,0,0.98,0.02,0,55,1,2.13,1.54,4.37,2.55,3.82,5.56,1.36,0.99,1.75,1.48,1.88,1.38,55,54,54,55,55,55,7,55,1,0,16,0,8,30,0,0.02,0,0.29,0,0.15,0.55,0
1064,0,4.62,1.62,53,3.49,1.22,53,3.91,1.18,53,3.49,1.31,53,4.47,1.37,53,4.08,0.9,53,2.26,2.2,53,3.83,1.53,53,2.21,1.06,53,53,0,0,0,1,0,53,2,2.17,4.67,5.6,2.88,5.38,2.88,1.41,1.74,1.4,1.71,1.67,1.71,52,51,52,52,53,52,3,53,0,16,27,0,10,0,0,0,0.3,0.51,0,0.19,0,0
1065,0,2.7,1.5,47,5.09,1.14,47,5.26,1.17,47,4.98,1.07,47,5.21,1.14,47,5.45,0.85,47,4.53,2.22,47,3.15,1.71,47,5.74,0.97,47,0,47,0,1,0,0,47,1,6.15,1.87,3.62,2.51,3.72,2.55,1.18,1.26,1.8,1.43,1.84,1.52,47,47,47,47,47,47,1,47,39,0,4,0,3,0,1,0.83,0,0.09,0,0.06,0,0.02
1066,0,3.49,1.63,57,3.82,1.42,57,4.14,1.42,57,4.16,1.5,57,4.44,1.35,57,4.42,0.91,57,3.14,2.03,57,3.84,1.62,57,5.42,0.96,57,1,56,0,0.98,0.02,0,57,1,2.26,2.33,5.61,3.37,4.77,4.3,1.45,1.52,1.44,1.67,1.59,1.48,57,57,57,57,57,57,3,57,0,0,43,1,8,5,0,0,0,0.75,0.02,0.14,0.09,0
1067,0,3.84,1.58,50,4.02,1.32,50,4.16,1.22,50,3.5,1.25,50,4.34,1.19,50,3.58,0.93,50,2.22,2.01,50,3.24,1.62,50,5.18,1.04,50,0,50,0,1,0,0,50,1,2.14,6.32,3.28,1.9,4.34,2.28,1.41,0.71,1.75,1.23,1.75,1.37,50,50,50,50,50,50,2,50,0,43,1,0,6,0,0,0,0.86,0.02,0,0.12,0,0
1068,0,3.31,1.57,49,4.1,1.33,49,5.06,1.05,49,3.38,1.58,48,4.82,1.27,49,4.02,1.15,49,2.02,2.11,49,3.14,1.63,49,5.55,0.98,49,0,48,1,0.98,0,0.02,49,1,6.18,1.76,2.76,2.49,4,2.76,1.27,1.3,1.85,1.75,1.85,1.63,49,49,49,49,49,49,1,49,43,2,2,0,2,0,0,0.88,0.04,0.04,0,0.04,0,0
1069,0,3.13,1.61,53,4.4,1.43,53,4.38,1.38,53,4.04,1.54,53,3.68,1.42,53,3.77,1.1,53,2.17,2.22,53,3.72,1.36,53,4.36,1.29,53,0,53,0,1,0,0,53,1,2.04,4.85,4.63,2.71,4.87,2.65,1.36,1.81,1.51,1.4,1.52,1.44,52,52,52,52,53,52,N/A,53,0,17,17,1,15,0,3,0,0.32,0.32,0.02,0.28,0,0.06
1070,0,3.31,1.62,51,3.73,1.5,51,4.22,1.45,51,2.94,1.59,51,3.69,1.41,51,3.39,1.11,51,1.29,1.89,51,3.51,1.45,51,2.71,1.1,51,51,0,0,0,1,0,51,2,6.06,2.62,4.14,2.7,4.58,2.18,0.86,1.65,1.63,1.31,1.67,1.27,51,50,50,50,50,50,1,51,37,0,5,0,9,0,0,0.73,0,0.1,0,0.18,0,0
1071,0,3,1.29,36,3.81,0.95,36,4,1.1,36,3.78,1.31,36,3.86,1.29,36,3.97,1.03,36,2.25,2.08,36,3.28,1.49,36,4.83,1.03,36,1,34,1,0.94,0.03,0.03,36,1,1.69,1.69,3.22,2.89,3.22,6.03,1.12,1.28,1.73,1.79,1.61,1.3,36,36,36,36,36,36,7,36,0,0,1,3,1,30,1,0,0,0.03,0.08,0.03,0.83,0.03
1072,0,3.84,1.47,62,4.45,1.13,62,4.87,1.12,62,4.27,1.42,62,5.05,1.15,62,4.84,1,61,3.39,2.11,62,4.4,1.29,62,5.23,1.17,62,1,61,0,0.98,0.02,0,62,1,3.44,3.68,5.56,3.02,5.31,3.08,1.88,1.8,1.13,1.51,1.39,1.56,61,62,62,62,62,62,3,62,5,7,36,0,13,0,1,0.08,0.11,0.58,0,0.21,0,0.02
1073,0,2.93,1.47,59,4.45,1.2,60,4.87,1.11,60,4.35,1.42,60,4.87,1.11,60,4.68,0.89,60,3.52,2.03,60,3.87,1.57,60,5.83,0.96,60,0,60,0,1,0,0,60,1,5.47,2.38,3.88,2.88,4.37,3.85,1.46,1.4,1.58,1.68,1.69,1.61,60,60,59,60,60,60,1,60,37,0,5,2,13,3,0,0.62,0,0.08,0.03,0.22,0.05,0
1074,0,4.14,1.51,50,3.66,1.22,50,4.32,1.2,50,3.96,1.38,50,4.48,1.4,50,5.02,1.02,50,4.14,1.63,50,3.84,1.39,50,2.36,0.85,50,49,1,0,0.02,0.98,0,50,2,2.2,2,5.92,3.53,4.8,3.73,1.43,1.32,1.01,1.76,1.77,1.86,49,49,50,49,49,49,3,50,1,0,27,4,11,7,0,0.02,0,0.54,0.08,0.22,0.14,0
1075,0,2.58,1.5,50,3.4,1.48,50,3.74,1.29,50,2.82,1.41,50,4.26,1.59,50,2.92,1.14,50,1.84,1.95,50,4.06,1.41,50,5.36,1.05,50,1,49,0,0.98,0.02,0,50,1,2.54,2.24,5.04,4.1,4.54,4.96,1.67,1.44,1.59,1.81,1.57,1.7,50,50,50,50,50,50,3,50,0,0,20,6,10,14,0,0,0,0.4,0.12,0.2,0.28,0
1076,0,4.23,1.77,39,4.15,1.58,39,4.54,1.29,39,3.95,1.54,39,5.46,1.37,39,4.08,1.22,39,2.44,2.26,39,3.92,1.16,39,5.79,0.89,39,0,39,0,1,0,0,39,1,3.79,2.18,5.67,3.74,4.72,3.46,1.92,1.25,1.28,1.46,1.5,1.5,39,39,39,39,39,39,3,39,8,0,26,0,4,1,0,0.21,0,0.67,0,0.1,0.03,0
1077,0,4.34,1.62,47,3.7,1.55,47,4.46,1.44,46,2.96,1.55,47,4.26,1.29,47,3.34,1.01,47,1.91,1.65,47,3.66,1.13,47,5.13,1.26,47,0,47,0,1,0,0,47,1,5.11,2.09,4.29,2.51,5.02,3.74,1.8,1.38,1.7,1.39,1.68,1.88,46,45,45,45,44,47,1,47,26,0,7,0,7,6,1,0.55,0,0.15,0,0.15,0.13,0.02
1079,0,2.89,1.6,45,3.78,1.29,45,4.02,1.19,44,3.36,1.35,45,4.4,1.3,45,3.58,0.94,45,2.13,2.02,45,3.4,1.42,45,5.11,0.98,45,0,44,1,0.98,0,0.02,45,1,3.07,1.69,3.27,2.24,4.04,5.71,1.83,1.22,1.72,1.52,1.86,1.39,45,45,45,45,45,45,7,45,4,0,2,1,14,24,0,0.09,0,0.04,0.02,0.31,0.53,0
1080,0,4,1.72,53,3.7,1.17,53,4.28,1.32,53,3.3,1.41,53,4.83,1.07,53,3.62,0.95,53,2.19,2.02,53,3.85,1.26,53,5.55,0.95,53,0,53,0,1,0,0,53,1,2.74,2.43,5.43,3.64,4.58,4.3,1.53,1.39,1.15,1.55,1.68,1.68,53,53,53,53,53,53,3,53,3,0,30,6,4,10,0,0.06,0,0.57,0.11,0.08,0.19,0
1081,0,4,1.67,51,3.44,1.55,50,4.1,1.43,51,2.98,1.39,51,3.98,1.69,51,2.94,1.22,50,1.47,1.71,51,3.71,1.53,51,5.22,1.39,51,0,49,2,0.96,0,0.04,51,1,2.59,2.76,5.84,4.37,4.46,2.41,1.61,1.64,1.41,1.67,1.57,1.51,51,51,51,51,50,49,3,51,0,0,37,11,3,0,0,0,0,0.73,0.22,0.06,0,0
1082,0,2.66,1.38,50,4.66,1.26,50,4.72,1.36,50,4.4,1.43,50,4.3,1.22,50,4.42,0.84,50,3.36,2.11,50,4.32,1.46,50,5.04,0.83,50,0,50,0,1,0,0,50,1,2,3.28,5.12,3.38,5.26,3.46,1.14,1.73,1.71,1.44,1.38,1.7,50,50,50,50,50,50,3,50,1,1,28,0,15,3,2,0.02,0.02,0.56,0,0.3,0.06,0.04
1083,0,3.36,1.57,42,3.33,1.34,42,3.86,1.3,42,2.68,1.27,41,4.14,1.49,42,3.1,1.12,42,1.81,1.95,42,1.9,1.32,42,5.4,1.27,42,1,41,0,0.98,0.02,0,42,1,2.05,1.81,2.29,2.12,2.4,6.4,1.4,1.29,1.58,1.33,1.52,0.89,42,42,42,42,42,42,7,42,0,0,0,0,0,42,0,0,0,0,0,0,1,0
1084,0,4.21,1.44,42,3.83,1.34,42,4.41,1.45,41,3.14,1.59,42,4.48,1.13,42,3.43,1.09,42,1.6,1.96,42,4,1.43,42,5.29,0.97,42,0,42,0,1,0,0,42,1,2.95,1.9,5.45,3.45,4.43,4.33,1.79,1.41,1.6,1.67,1.76,1.6,42,42,42,42,42,42,3,42,0,1,26,1,6,8,0,0,0.02,0.62,0.02,0.14,0.19,0
1085,0,3.23,1.45,52,4.25,1.27,52,4.35,1.28,52,4.06,1.35,52,4.58,1.39,52,4.17,1.15,52,3.31,2.3,52,4.4,1.46,52,5.52,1.09,52,1,51,0,0.98,0.02,0,52,1,2.83,2.33,4.96,4.85,4.54,3.23,1.73,1.41,1.74,1.68,1.78,1.72,52,52,52,52,52,52,3,52,1,1,20,19,8,3,0,0.02,0.02,0.38,0.37,0.15,0.06,0
1086,0,2.69,1.44,55,4.44,1.24,55,4.93,1.07,55,4.71,1.21,55,4.82,1.11,55,4.89,0.83,55,4,2.07,55,3.64,1.43,55,5.56,0.88,55,3,52,0,0.95,0.05,0,55,1,2.33,1.89,4.58,3.55,4.18,5.05,1.43,1.36,1.82,1.77,1.66,1.38,55,55,55,55,55,55,7,55,0,0,18,5,9,23,0,0,0,0.33,0.09,0.16,0.42,0
1087,0,3.79,1.8,61,3.43,1.45,61,3.46,1.26,61,2.79,1.29,61,2.57,1.2,61,2.72,1.07,61,1.56,1.73,61,3.92,1.37,61,3.85,0.98,61,0,61,0,1,0,0,61,1,2.07,4.56,4.67,2.52,5.08,2.54,1.25,1.63,1.62,1.5,1.46,1.5,61,61,61,61,61,61,5,61,2,18,17,1,23,0,0,0.03,0.3,0.28,0.02,0.38,0,0
1088,0,3.04,1.38,49,4.27,1.32,49,4.65,1.05,49,4.08,1.38,49,4.27,1.24,49,4.37,0.83,49,3.45,2.09,49,4.16,1.39,49,5.14,1.17,49,2,46,1,0.94,0.04,0.02,49,1,3.08,2.16,5.43,4.35,4.49,3.39,1.72,1.33,1.47,1.64,1.58,1.71,49,49,49,49,49,49,3,49,6,0,22,8,7,5,1,0.12,0,0.45,0.16,0.14,0.1,0.02
1089,0,4.04,1.25,56,3.52,1.31,56,4.11,1.23,56,2.91,1.21,56,4.25,1.28,56,3.34,1.03,56,1.82,1.96,56,3.96,1.44,56,4.7,1.39,56,0,54,2,0.96,0,0.04,56,1,2.11,2,5.04,3.29,4.5,4.25,1.3,1.35,1.36,1.65,1.56,2.03,55,56,56,56,56,56,3,56,0,0,26,0,13,17,0,0,0,0.46,0,0.23,0.3,0
1090,0,4.35,1.49,57,3.56,1.15,57,4.11,1.23,57,3.14,1.52,57,4.53,1.21,57,3.65,1.09,57,1.98,2.07,57,3.96,1.41,57,2.56,0.82,57,57,0,0,0,1,0,57,2,2.68,2.04,5.67,3.88,4.44,3.96,1.66,1.3,1.11,1.71,1.8,1.85,57,57,57,57,57,57,3,57,1,0,44,4,2,6,0,0.02,0,0.77,0.07,0.04,0.11,0
1091,0,4.07,1.58,43,3.65,1.33,43,4.3,1.21,43,3.3,1.32,43,4.26,1.33,43,3.79,1.15,43,2.58,2.12,43,2.86,1.47,43,2.07,1.22,43,43,0,0,0,1,0,43,2,1.56,1.4,3.05,4,3.33,5.74,0.91,0.76,1.83,1.99,1.97,1.4,43,43,43,43,43,43,7,43,0,0,2,10,5,26,0,0,0,0.05,0.23,0.12,0.6,0
1092,0,3.48,1.27,50,3.66,1.22,50,3.96,1.03,50,3.42,1.09,50,3.52,1.16,50,4.24,1.01,49,2.74,2.24,50,3.06,1.56,50,2.96,0.88,50,49,1,0,0.02,0.98,0,50,2,1.88,1.8,2.86,2.56,3.3,5.84,1.17,1.2,1.68,1.68,1.8,1.23,50,50,50,50,50,50,7,50,0,0,2,1,6,41,0,0,0,0.04,0.02,0.12,0.82,0
1093,0,3.56,1.66,61,3.72,1.39,61,3.89,1.14,61,3.79,1.39,61,3.67,1.22,61,4.13,1.02,61,2.97,1.63,61,1.97,1.32,61,4.9,1.19,61,0,61,0,1,0,0,61,1,1.8,1.49,2.07,1.95,2.1,6.46,1.26,0.92,1.25,1.28,1.43,1.07,61,61,61,61,61,61,7,61,0,0,0,0,0,61,0,0,0,0,0,0,1,0
1094,0,2.92,1.41,50,4.44,1.03,50,4.62,1.18,50,4.66,1.26,50,5.26,1.1,50,4.82,0.69,50,3.82,2.11,50,3.32,1.67,50,5.96,0.75,50,0,50,0,1,0,0,50,1,1.88,1.46,3.54,3.34,3.38,5.88,1.41,0.89,1.81,1.87,1.83,1.41,50,50,50,50,50,50,7,50,0,0,7,5,5,33,0,0,0,0.14,0.1,0.1,0.66,0
1095,0,3.21,1.43,53,3.94,1.36,53,4.23,1.15,53,3.42,1.55,53,4.23,1.15,53,3.85,1.15,53,2.28,2.07,53,3.42,1.38,53,5.65,0.9,52,1,51,1,0.96,0.02,0.02,53,1,2.13,1.75,4.94,3.38,4.26,4.91,1.16,1.01,1.47,1.55,1.52,1.66,53,52,53,53,53,53,3,53,0,0,21,3,13,16,0,0,0,0.4,0.06,0.25,0.3,0
1096,0,3.98,1.78,47,3.98,1.21,47,4.58,0.96,48,3.73,1.37,49,4.8,1.06,49,4.33,1.13,49,3,2.09,49,3.49,1.65,49,5.45,1.16,49,1,46,2,0.94,0.02,0.04,49,1,2,1.98,3.73,3.02,4.02,6,1.41,1.55,1.73,1.84,1.87,1.17,49,49,49,49,49,49,7,49,0,0,4,1,7,37,0,0,0,0.08,0.02,0.14,0.76,0
1097,0,3.38,1.54,45,4.22,1.2,45,4.27,1.3,45,4.27,1.36,45,5.73,0.81,45,4.69,1.1,45,3.73,2.11,45,3.93,1.18,45,6,0.85,45,0,45,0,1,0,0,45,1,2.36,1.98,5.76,4.16,4.53,4.18,1.35,1.14,0.83,1.59,1.44,1.6,45,45,45,45,45,45,3,45,0,0,29,4,3,9,0,0,0,0.64,0.09,0.07,0.2,0
1098,0,3.55,1.71,51,4.37,1.17,52,4.85,1.04,52,4.67,1.31,52,4.44,1.18,52,4.71,0.98,52,3.75,1.97,52,3.79,1.45,52,5.58,1.09,52,0,52,0,1,0,0,52,1,3.65,2.79,5.48,3.52,4.6,3.65,1.61,1.54,1.26,1.49,1.61,1.6,52,52,52,52,52,52,3,52,6,1,32,0,10,3,0,0.12,0.02,0.62,0,0.19,0.06,0
1099,0,3.68,1.71,53,4.11,1.24,53,4.55,1.25,53,3.23,1.42,53,4.47,1.19,53,3.28,1.1,53,1.62,2.04,53,3.62,1.5,53,5.32,1.14,53,0,53,0,1,0,0,53,1,2.32,2.06,5.42,4.87,4.51,2.92,1.58,1.2,1.59,1.62,1.72,1.6,53,53,53,53,53,53,3,53,3,0,25,24,0,1,0,0.06,0,0.47,0.45,0,0.02,0
1100,0,3.35,1.45,60,4.27,1.39,60,4.5,1.07,60,3.87,1.26,60,4.78,1.03,60,3.95,0.87,60,1.98,1.97,60,4.22,1.35,60,5.43,1,60,0,60,0,1,0,0,60,1,2.7,2.15,5.28,4.35,4.45,4.48,1.58,1.2,1.12,1.58,1.65,1.61,60,60,60,60,60,60,3,60,1,1,26,9,13,10,0,0.02,0.02,0.43,0.15,0.22,0.17,0
1101,0,3.4,1.61,63,4.1,1.19,63,4.46,1.2,63,3.76,1.46,63,4.52,1.15,63,4.03,0.95,63,2.37,2.08,63,3.1,1.59,63,5.21,1.15,63,1,62,0,0.98,0.02,0,63,1,1.74,1.76,3.54,2.32,3.3,6.08,1.12,1.24,2,1.46,1.85,1.41,62,63,63,63,63,63,7,63,0,0,7,1,1,54,0,0,0,0.11,0.02,0.02,0.86,0
1102,0,4.4,1.59,55,3.62,1.25,55,3.98,1.27,54,2.94,1.26,53,4.45,1,55,4.05,0.93,55,2.27,2.1,55,4.04,1.35,55,2.56,1.2,55,55,0,0,0,1,0,55,2,4.33,1.71,5.36,3.02,4.8,4.15,1.62,1.1,1.39,1.72,1.57,1.6,55,55,55,55,54,55,3,55,9,0,25,2,16,3,0,0.16,0,0.45,0.04,0.29,0.05,0
1103,0,3.4,1.43,48,4.56,1.2,48,4.94,1.17,48,3.58,1.43,48,4.1,1.32,48,3.83,0.88,48,2.13,2.12,48,3.85,1.44,48,4.75,1.06,48,5,42,1,0.88,0.1,0.02,48,1,2.83,2.4,3.27,5.79,4.17,2.81,1.56,1.35,1.62,1.18,1.79,1.41,48,48,48,48,48,48,4,48,0,0,0,44,4,0,0,0,0,0,0.92,0.08,0,0
1104,0,3.54,1.47,52,3.92,1.33,52,4.56,1.24,52,4.08,1.38,52,3.73,1.47,52,4.69,1.09,52,3.77,1.76,52,3.83,1.46,52,2.88,1.15,52,50,2,0,0.04,0.96,0,52,2,3.73,2.12,4.5,2.96,4.9,4.88,1.7,1.42,1.83,1.53,1.59,1.8,52,52,52,52,52,52,N/A,52,9,1,11,1,15,15,0,0.17,0.02,0.21,0.02,0.29,0.29,0
1105,0,4.09,1.54,55,3.71,1.27,55,4.62,1.21,55,2.56,1.29,55,4.69,1.18,55,2.76,1.21,54,1.33,1.9,55,3.85,1.6,55,4.96,1.35,55,1,54,0,0.98,0.02,0,55,1,5.85,1.65,3.15,2.62,4.49,4.16,0.99,1.13,1.69,1.53,1.89,1.6,55,55,55,55,55,55,1,55,34,0,3,0,17,1,0,0.62,0,0.05,0,0.31,0.02,0
1106,0,3.02,1.52,47,4.32,1.34,47,4.83,1.37,47,3.74,1.44,47,4.85,1.29,47,3.85,1.12,47,2.21,2.18,47,3.4,1.61,47,5.47,0.97,47,0,47,0,1,0,0,47,1,6.11,1.68,3.11,2.23,4.11,3.02,0.96,1.07,1.77,1.31,1.75,1.78,47,47,47,47,47,47,1,47,38,2,3,0,4,0,0,0.81,0.04,0.06,0,0.09,0,0
1107,0,3.97,1.61,59,3.73,1.34,59,3.98,1.28,59,2.63,1.23,59,3.78,1.26,59,3.02,0.97,59,1.46,1.68,59,3.63,1.48,59,4.81,1.06,59,0,59,0,1,0,0,59,1,2.07,2.93,5.78,3.03,4.47,3.49,1.45,1.72,1.4,1.56,1.85,1.82,59,59,59,59,59,59,3,59,0,0,50,0,6,3,0,0,0,0.85,0,0.1,0.05,0
1108,0,4.16,1.78,49,4.39,1.2,49,5,1.12,49,4.12,1.49,49,5.14,1.14,49,4.22,1.14,49,2.92,2.11,48,3.49,1.76,49,5.9,0.8,49,0,49,0,1,0,0,49,1,6,2.06,4.35,2.61,4.5,2.59,1.17,1.27,1.79,1.82,1.8,1.78,49,49,49,49,48,49,1,49,33,1,6,1,6,0,2,0.67,0.02,0.12,0.02,0.12,0,0.04
1109,0,3.55,2.07,49,3.24,1.61,49,4.02,1.6,49,2.51,1.6,49,3.63,1.59,49,2.57,1.49,49,1.41,2.07,49,4.14,1.49,49,4.59,1.29,49,0,49,0,1,0,0,49,1,2.55,3.35,4.65,3.43,4.82,4.31,1.58,1.84,1.36,1.66,1.47,1.73,49,49,49,49,49,49,3,49,2,5,18,1,14,9,0,0.04,0.1,0.37,0.02,0.29,0.18,0
1110,0,3.26,1.4,57,4.26,1.28,57,4.88,1.1,57,3.35,1.45,57,4.32,1.02,57,3.95,0.74,57,2.09,2.21,57,2.95,1.43,57,5.26,0.94,57,0,57,0,1,0,0,57,1,6.32,1.88,2.81,2.4,4.11,3.33,0.78,1.2,1.29,1.31,1.85,1.62,57,57,57,57,57,57,1,57,51,0,0,1,3,2,0,0.89,0,0,0.02,0.05,0.04,0
1001,1,2.79,1.39,52,4.73,1.25,52,4.75,1.25,52,4.83,1.34,52,3.87,1.36,52,5.44,0.87,52,5.17,1.4,52,3.85,1.32,52,4.77,1.17,52,0,52,0,1,0,0,52,1,3.04,2.13,5.52,2.98,4,3.63,1.55,1.31,1.31,1.59,1.64,1.69,52,52,52,52,52,52,3,52,0,0,36,0,10,5,1,0,0,0.69,0,0.19,0.1,0.02
1002,1,2.4,1.29,50,4.6,1.46,50,4.82,1.16,50,4.7,1.13,50,4.1,1.25,50,5,0.93,50,4.46,1.54,50,3.76,1.04,50,5.4,1.01,50,1,49,0,0.98,0.02,0,50,1,2.66,1.9,4.56,5.04,4.06,3.84,1.67,1.2,1.45,1.8,1.67,1.92,50,50,50,50,50,50,4,50,1,1,7,26,5,10,0,0.02,0.02,0.14,0.52,0.1,0.2,0
1003,1,2.65,1.62,54,5.11,1.22,53,5.17,0.91,54,5.56,1.04,54,5.43,0.92,54,5.96,0.82,54,5.43,1.42,54,3.91,1.12,54,5.83,1,54,0,54,0,1,0,0,54,1,4.35,2.61,5.41,3.46,4.83,3.39,1.59,1.6,1.35,1.54,1.48,1.71,54,54,54,54,54,54,3,54,10,3,23,2,15,1,0,0.19,0.06,0.43,0.04,0.28,0.02,0
1004,1,3.56,1.68,57,5.28,1.33,57,4.86,1.25,57,5.58,1.31,57,3.89,1.38,57,6.02,1.09,57,5.93,1.41,57,2.91,1.67,56,5.49,1.14,57,0,57,0,1,0,0,57,1,1.95,6.44,2.95,2.12,3.67,1.86,1.37,1,1.8,1.32,1.86,1.26,56,57,57,57,57,57,2,57,0,54,1,0,1,0,1,0,0.95,0.02,0,0.02,0,0.02
1005,1,2.5,1.48,52,5.33,1.17,52,5.29,1.04,52,5.69,1.13,52,5.52,0.8,52,6.14,0.78,51,5.92,1.3,52,4.14,1.3,51,5.94,0.73,52,1,51,0,0.98,0.02,0,52,1,5.48,2.12,4.46,3.02,4.77,3.85,1.2,1.48,1.47,1.6,1.37,1.47,52,52,52,52,52,52,1,52,30,0,5,1,14,2,0,0.58,0,0.1,0.02,0.27,0.04,0
1006,1,3.63,1.8,51,4.31,1.38,51,4.8,1.27,51,3.84,1.41,51,3.45,1.29,51,4.55,0.97,51,3.53,1.57,51,4.12,1.32,51,4.4,1.09,52,1,51,0,0.98,0.02,0,52,1,2.06,1.69,4.81,4.75,4.08,3.79,1.41,1,1.43,1.71,1.8,1.73,52,52,52,52,52,52,3,52,0,0,18,17,10,7,0,0,0,0.35,0.33,0.19,0.13,0
1007,1,3.28,1.44,46,4.35,1.46,46,4.7,1.28,46,4.7,1.5,46,4.04,1.19,46,5.52,1.03,46,4.87,1.8,46,3.67,1.19,45,2.67,1.03,46,46,0,0,0,1,0,46,2,2.61,1.93,5.43,3.09,4.61,4,1.76,1.16,1.42,1.46,1.56,1.8,46,46,46,46,46,46,3,46,0,0,29,0,7,10,0,0,0,0.63,0,0.15,0.22,0
1008,1,2.35,1.19,40,4.6,1.46,40,4.78,1.48,40,5.03,1.37,40,4.63,1.39,40,5.13,1.16,40,4.73,1.69,40,4.05,0.85,40,5.6,0.98,40,1,39,0,0.98,0.03,0,40,1,4.48,2.43,5.03,3.03,4.53,3.4,1.91,1.5,1.49,1.37,1.36,1.61,40,40,40,40,40,40,1,40,19,0,14,1,6,0,0,0.48,0,0.35,0.03,0.15,0,0
1009,1,2.78,1.49,50,4.8,1.23,50,5.14,1.23,50,5.04,1.38,50,4.72,1.18,50,5.58,0.97,50,5.26,1.41,50,3.3,1.62,50,5.6,0.9,50,0,50,0,1,0,0,50,1,2,1.74,3.82,3.26,3.82,5.92,1.16,1.16,1.75,1.74,1.87,1.24,50,50,50,50,50,50,7,50,0,0,4,1,6,39,0,0,0,0.08,0.02,0.12,0.78,0
1010,1,2.87,1.63,54,5.13,1.27,54,5.3,1.18,54,5.59,1.11,54,4.17,1.27,54,6.06,0.86,54,6.15,1,54,3.85,1.57,53,2.91,1.19,54,53,0,1,0,0.98,0.02,54,2,2.74,5.63,3.8,3.04,4.98,3.07,1.76,1.47,1.7,1.7,1.6,1.55,54,54,54,54,54,54,2,54,1,37,3,2,9,0,2,0.02,0.69,0.06,0.04,0.17,0,0.04
1011,1,3,1.5,71,4.94,1.13,71,5.59,1.02,71,5.07,1.25,70,4.73,1.07,71,5.82,0.87,71,5.67,1.14,70,3.08,1.43,71,2.79,0.98,71,70,1,0,0.01,0.99,0,71,2,6.37,1.63,3,2.41,3.54,2.27,1.03,1.1,1.64,1.4,1.83,1.4,71,71,71,70,71,71,1,71,63,0,1,2,4,0,1,0.89,0,0.01,0.03,0.06,0,0.01
1012,1,3.52,1.95,44,4.91,1.36,44,4.93,1.53,44,5.52,1.41,44,4.98,1.3,44,6.18,0.99,44,5.91,1.48,44,4.14,1.53,44,5.7,1.07,44,0,44,0,1,0,0,44,1,3.41,2.81,5.52,3.2,4.77,3.18,1.67,1.59,1.32,1.77,1.68,1.66,44,43,44,44,44,44,3,44,1,2,28,2,11,0,0,0.02,0.05,0.64,0.05,0.25,0,0
1013,1,2.46,1.42,59,5.17,1.39,59,5.31,1.25,59,4.98,1.47,59,4.58,1.59,59,5.81,0.99,59,5.54,1.39,59,3.36,1.69,59,5.53,1.06,59,0,59,0,1,0,0,59,1,5.81,1.92,2.32,2.34,4.14,3.68,1.35,1.33,1.52,1.49,1.85,1.81,59,59,59,59,59,59,1,59,42,0,1,0,13,2,1,0.71,0,0.02,0,0.22,0.03,0.02
1014,1,3.14,1.38,49,5,1.05,48,4.88,1.11,49,5.12,1.25,49,4.24,1.22,49,5.86,0.79,49,5.57,1.34,49,4.04,1.26,49,5.12,1.17,49,0,49,0,1,0,0,49,1,4.39,1.98,4.37,2.96,4.82,4.41,1.73,1.25,1.8,1.35,1.25,1.72,49,49,49,49,49,49,5,49,8,0,14,0,18,9,0,0.16,0,0.29,0,0.37,0.18,0
1015,1,3.19,1.69,47,5.13,1.19,47,5.33,1.03,46,5.28,1.14,47,5.15,0.91,47,5.89,0.67,47,5.45,1.25,47,3.87,1.36,46,5.8,0.69,46,2,44,0,0.96,0.04,0,46,1,5.04,1.5,4.52,2.89,4.72,4.02,1.75,0.86,1.88,1.62,1.72,1.73,46,46,46,46,46,46,1,46,21,0,12,0,11,2,0,0.46,0,0.26,0,0.24,0.04,0
1016,1,3,1.52,53,4.58,1.32,53,4.77,1.28,53,4.64,1.18,53,5.15,1.2,53,5.58,0.93,53,4.74,1.5,53,3.89,1.41,53,5.87,0.92,53,1,52,0,0.98,0.02,0,53,1,2.19,1.98,5.43,3.62,4.7,4.34,1.24,1.08,1.15,1.65,1.5,1.83,53,53,53,52,53,53,3,53,0,0,30,4,9,10,0,0,0,0.57,0.08,0.17,0.19,0
1017,1,3.84,1.9,43,5.02,1.26,43,5.42,1.12,43,5.49,1.1,43,5.63,0.98,43,6.26,0.73,42,5.51,1.64,43,4.07,1.71,43,6.37,0.66,43,1,42,0,0.98,0.02,0,43,1,5.35,2.09,4.33,2.91,4.53,3.95,1.48,1.31,1.69,1.44,1.71,1.62,43,43,43,43,43,43,1,43,17,1,7,0,13,5,0,0.4,0.02,0.16,0,0.3,0.12,0
1018,1,3.28,1.6,57,5.21,1.04,56,5.46,0.96,57,5.3,1.38,57,5.33,1.09,57,5.95,0.81,57,5.68,1.38,57,3.53,1.43,57,5.84,0.86,57,0,57,0,1,0,0,57,1,2.42,1.75,4.33,3.42,4.09,4.86,1.4,1.07,1.61,1.65,1.56,1.72,57,57,57,57,57,57,7,57,1,1,20,6,6,23,0,0.02,0.02,0.35,0.11,0.11,0.4,0
1019,1,3.26,1.62,54,4.8,1.52,54,4.98,1.25,54,4.74,1.33,54,4.26,1.22,54,5.24,1.01,54,4.74,1.77,54,2.85,1.56,54,2.52,0.67,54,53,1,0,0.02,0.98,0,54,2,6.41,1.74,3.09,2.17,3.44,2.09,1.06,1.29,1.89,1.42,1.79,1.4,54,54,53,54,54,54,1,54,52,0,1,0,1,0,0,0.96,0,0.02,0,0.02,0,0
1020,1,2.51,1.4,57,5.26,1.19,57,5.53,1.02,57,5.25,1.24,57,5.09,1.11,57,5.68,1.02,57,5.6,1.49,57,2.98,1.4,57,5.89,0.72,57,1,56,0,0.98,0.02,0,57,1,5.79,1.61,3.19,2.35,3.49,2.98,1.66,1.1,1.91,1.42,1.99,1.92,57,57,57,57,57,57,1,57,45,0,6,0,3,3,0,0.79,0,0.11,0,0.05,0.05,0
1021,1,3.21,2.03,47,4.66,1.51,47,4.98,1.34,47,4.32,1.49,47,4.47,1.38,47,4.68,1.02,47,3.98,1.48,47,4.51,1.32,47,5.3,0.88,47,0,47,0,1,0,0,47,1,4.36,3.15,5.26,3.32,4.77,3.23,1.83,1.91,1.58,1.75,1.67,1.83,47,47,47,47,47,47,N/A,47,15,2,15,1,11,2,1,0.32,0.04,0.32,0.02,0.23,0.04,0.02
1022,1,3.2,1.53,50,5.1,1.11,50,5.08,1.23,50,5.56,1.25,50,4.92,1.23,50,6.22,0.84,50,5.98,1.2,50,4.52,1.3,50,5.32,1.06,50,0,50,0,1,0,0,50,1,3.18,3.06,5.63,3.38,4.92,2.9,1.8,1.8,0.97,1.79,1.59,1.57,50,50,49,50,50,50,3,50,6,1,29,3,11,0,0,0.12,0.02,0.58,0.06,0.22,0,0
1023,1,2.98,1.56,51,5.1,1.08,51,5.2,1.2,51,5.27,1.13,51,4.76,1.24,51,5.69,0.95,51,5.25,1.4,51,3.18,1.53,50,5.84,1.03,51,0,51,0,1,0,0,51,1,2.12,6,3.54,2.48,4.44,3,1.36,1.26,1.72,1.42,1.77,1.74,50,50,50,50,50,50,2,51,0,41,2,0,8,0,0,0,0.8,0.04,0,0.16,0,0
1024,1,2.79,1.48,57,5.21,1.32,56,5.09,1.11,57,5.58,1.08,57,4.53,1.09,57,5.82,0.93,57,5.23,1.63,57,3.89,1.37,57,5.54,0.87,57,0,57,0,1,0,0,57,1,2.54,2.56,5.28,4.4,4.6,2.81,1.56,1.65,1.19,1.75,1.44,1.73,57,57,57,57,57,57,3,57,3,1,26,15,9,3,0,0.05,0.02,0.46,0.26,0.16,0.05,0
1025,1,2.81,1.56,47,4.57,1.25,47,4.74,0.99,47,4.81,1.1,47,4.6,1.28,47,5.43,0.99,47,4.96,1.37,47,4.26,1.21,47,5.57,0.85,47,0,47,0,1,0,0,47,1,4.64,1.85,3.57,2.09,4.55,4.68,1.54,1.23,1.71,1.25,1.72,1.59,47,47,46,47,47,47,5,47,13,0,4,0,17,13,0,0.28,0,0.09,0,0.36,0.28,0
1026,1,2.39,1.35,44,4.05,1.29,44,4.23,1.16,44,4.14,1.3,44,3.66,1.31,44,4.77,1.1,44,4.36,1.54,44,4.52,1,44,4.95,1.08,44,0,44,0,1,0,0,44,1,2.2,3.05,5.11,2.8,5.16,4.32,1.52,1.9,1.33,1.79,1.33,1.55,44,44,44,44,44,44,5,44,2,1,16,1,20,4,0,0.05,0.02,0.36,0.02,0.45,0.09,0
1027,1,3.12,1.42,49,4.86,1.14,49,4.88,1.22,49,5.31,1.34,49,4.35,1.09,49,5.69,0.87,49,5.45,1.16,49,4.2,1.27,49,2.67,0.94,49,49,0,0,0,1,0,49,2,3.41,2.63,5.18,4.53,4.85,3,1.94,1.52,1.32,1.53,1.35,1.64,49,49,49,49,48,48,3,49,4,0,23,13,7,1,1,0.08,0,0.47,0.27,0.14,0.02,0.02
1028,1,2.82,1.6,62,4.69,1.14,62,4.94,1.2,62,4.9,1.25,62,4.9,1.11,62,5.06,1.07,62,4.6,1.73,62,3.92,1.33,62,5.61,0.86,62,0,62,0,1,0,0,62,1,2.53,2.69,5.53,4.18,4.89,3.76,1.6,1.49,1.16,1.58,1.42,1.61,62,62,62,62,62,62,3,62,0,1,37,7,11,5,1,0,0.02,0.6,0.11,0.18,0.08,0.02
1029,1,4.22,1.57,50,3.9,1.16,50,4.36,1.05,50,4.1,1.27,50,3.8,1.29,50,4.88,1,50,4.16,1.63,50,2.44,1.49,50,1.98,0.84,50,50,0,0,0,1,0,50,2,1.56,1.42,2.22,2.26,2.44,6.66,0.91,0.81,1.39,1.37,1.4,0.59,50,50,50,50,50,50,7,50,0,0,0,1,0,49,0,0,0,0,0.02,0,0.98,0
1030,1,2.61,1.56,54,4.85,1.41,54,5.13,1.06,54,4.98,1.43,54,5.02,1.19,54,5.66,1,53,4.57,1.86,54,3.64,1.42,53,5.74,0.78,54,0,54,0,1,0,0,54,1,5.74,1.85,3.98,2.59,4.43,3.91,1.26,1.47,1.81,1.58,1.82,1.84,54,54,54,54,54,54,1,54,27,1,8,1,12,4,1,0.5,0.02,0.15,0.02,0.22,0.07,0.02
1031,1,2.76,1.47,63,4.81,1.2,63,4.79,1.23,63,5.24,1.28,63,4.49,1.33,63,5.46,1.08,63,4.38,1.84,63,3.92,1.44,63,5.67,1.15,63,0,63,0,1,0,0,63,1,5.05,2.11,4.94,3.03,4.92,2.81,1.54,1.26,1.69,1.44,1.55,1.45,63,63,63,62,63,63,1,63,28,0,24,0,10,0,1,0.44,0,0.38,0,0.16,0,0.02
1032,1,3.19,1.8,43,5.26,0.98,43,5.12,1.12,43,5.74,0.9,43,5.51,1.16,43,6.3,0.83,43,6.16,1.07,43,3.93,1.07,42,6.05,0.87,43,0,43,0,1,0,0,43,1,2.36,2.07,5.31,2.86,4.45,4.4,1.57,1.28,1.44,1.69,1.71,1.7,42,42,42,42,42,42,3,43,1,1,23,1,8,9,0,0.02,0.02,0.53,0.02,0.19,0.21,0
1033,1,2.87,1.48,47,3.94,1.37,47,3.83,1.45,47,4.06,1.47,47,3.32,1.24,47,4.13,0.99,47,2.98,1.78,47,3.17,1.34,47,2.74,1.07,47,47,0,0,0,1,0,47,2,2.57,1.96,6.26,2.81,3.74,2.6,1.73,1.22,0.97,1.51,1.61,1.31,47,47,47,47,47,47,3,47,0,0,45,2,0,0,0,0,0,0.96,0.04,0,0,0
1034,1,2.84,1.57,49,4.86,1.08,49,4.8,1.19,49,5.1,1.37,49,4.45,0.94,49,5.33,0.72,49,5.22,1.42,49,3.92,1.54,49,5.27,1,49,2,47,0,0.96,0.04,0,49,1,2.98,2.57,5.53,3.53,4.86,3.16,1.52,1.71,1.4,1.52,1.68,1.5,49,49,49,49,49,49,3,49,3,3,28,1,12,0,2,0.06,0.06,0.57,0.02,0.24,0,0.04
1035,1,3.35,1.68,55,4.75,1.19,55,4.72,1.28,54,5.09,1.08,55,4.2,1.25,55,5.71,1.03,55,5.51,1.41,55,4.15,1.48,55,2.47,0.79,55,55,0,0,0,1,0,55,2,4.64,3.02,4.78,2.65,4.89,3,1.79,1.98,1.49,1.54,1.67,1.54,55,55,55,55,55,55,1,55,19,5,18,2,10,0,1,0.35,0.09,0.33,0.04,0.18,0,0.02
1036,1,2.19,1.46,53,4.64,1.35,53,4.62,1.29,53,4.96,1.49,53,4.57,1.45,53,5.28,1.08,53,4.34,1.7,53,4.28,1.52,53,5.64,0.88,53,0,53,0,1,0,0,53,1,3.85,1.89,5.11,2.77,4.72,3.48,1.68,1.37,1.73,1.69,1.69,1.61,53,53,53,53,53,52,3,53,12,0,24,0,11,6,0,0.23,0,0.45,0,0.21,0.11,0
1037,1,2.52,1.73,48,5.33,1.08,48,5.56,0.92,48,5.54,1.03,48,4.85,1.38,48,5.73,0.94,48,5.35,1.55,48,4.06,1.42,48,5.88,0.84,48,0,47,1,0.98,0,0.02,48,1,3.46,2.42,5.6,4.29,4.75,2.88,1.84,1.5,1.44,1.68,1.55,1.84,48,48,48,48,48,48,3,48,5,1,27,8,7,0,0,0.1,0.02,0.56,0.17,0.15,0,0
1038,1,3,1.47,60,4.38,1.34,60,4.97,1.07,60,4.62,1.51,60,4.23,1.17,60,5.35,1.1,60,4.6,1.88,60,2.77,1.61,60,2.93,1.04,60,60,0,0,0,1,0,60,2,6.43,1.72,2.93,2.18,3.58,2.63,0.95,1.01,1.66,1.4,1.83,1.44,60,60,60,60,60,60,1,60,53,0,3,1,3,0,0,0.88,0,0.05,0.02,0.05,0,0
1039,1,2.92,1.64,51,4.86,1.2,51,4.72,1.39,50,5.31,1.29,51,4.45,1.4,51,5.75,1,51,5.47,1.55,51,3.53,1.38,51,5.24,1.18,51,0,50,1,0.98,0,0.02,51,1,2.65,1.78,4.29,3.31,4.24,5.57,1.34,1.17,1.51,1.44,1.69,1.27,51,51,51,51,51,51,7,51,0,0,10,2,7,31,1,0,0,0.2,0.04,0.14,0.61,0.02
1040,1,2.53,1.63,49,5.08,1.08,49,5.18,1.11,49,4.78,1.34,49,4.45,1.29,49,5.2,0.96,49,4.84,1.31,49,3.9,1.62,49,5.57,1.08,49,0,49,0,1,0,0,49,1,2.23,2.16,4.42,3.24,3.9,5.31,1.42,1.42,1.54,1.61,1.79,1.57,48,49,48,49,49,49,7,49,0,0,16,3,9,21,0,0,0,0.33,0.06,0.18,0.43,0
1041,1,2.66,1.68,44,4.86,1.53,44,5,1.22,44,5.18,1.4,44,4.7,1.29,44,5.91,0.86,44,5.8,1.19,44,3.86,1.69,44,5.68,0.96,44,1,43,0,0.98,0.02,0,44,1,4.18,2.59,5.02,3.3,4.98,3.61,1.74,1.72,1.58,1.73,1.7,1.75,44,44,44,44,44,44,5,44,8,0,11,1,19,3,2,0.18,0,0.25,0.02,0.43,0.07,0.05
1042,1,2.64,1.4,50,4.92,1.12,50,4.92,1.01,50,5.42,1.13,50,4.5,0.99,50,5.82,0.72,50,5.54,1.27,50,3.44,1.5,50,5.5,0.91,50,0,50,0,1,0,0,50,1,6.38,1.62,2.84,2.42,3.58,2.7,0.75,1.09,1.73,1.51,1.85,1.58,50,50,50,50,50,50,1,50,47,0,0,0,3,0,0,0.94,0,0,0,0.06,0,0
1043,1,3.15,1.73,39,5.1,1.31,39,5.28,1.1,39,5.33,1.38,39,5.33,1.22,39,6,0.92,39,5.69,1.42,39,3.41,1.55,39,5.92,1.01,39,0,39,0,1,0,0,39,1,6.18,2.03,3.18,2.46,4.28,3.49,1.17,1.53,1.7,1.47,1.52,1.73,39,39,39,39,39,39,1,39,30,1,0,0,8,0,0,0.77,0.03,0,0,0.21,0,0
1044,1,3.02,1.6,42,5,1.19,42,5.1,1.08,42,5.24,0.88,42,5.1,0.93,42,5.88,0.71,42,5.55,1.21,42,4.14,1.14,42,5.79,0.78,42,0,42,0,1,0,0,42,1,2.76,2.05,4.38,3.74,4.5,4.67,1.66,1.19,1.51,1.5,1.76,1.68,42,42,42,42,42,42,5,42,4,0,6,5,14,13,0,0.1,0,0.14,0.12,0.33,0.31,0
1045,1,2.92,1.51,60,4.4,1.26,60,4.73,1.19,60,3.88,1.34,60,5.22,1.18,60,3.8,0.88,60,2,2.31,60,3.6,1.53,60,6.03,0.76,60,0,60,0,1,0,0,60,1,6.17,2.33,3.63,2.5,4.43,2.2,1.04,1.5,1.66,1.5,1.71,1.41,60,60,60,60,60,60,1,60,47,0,1,1,11,0,0,0.78,0,0.02,0.02,0.18,0,0
1046,1,4.11,1.89,47,3.81,1.19,47,4.87,1.13,47,3.36,1.51,47,5.19,0.99,47,3.81,1.12,47,2.96,2.08,47,3.57,1.31,46,5.64,0.82,47,1,46,0,0.98,0.02,0,47,1,2.34,1.91,4.94,3.51,4.09,5.09,1.52,1.3,1.48,1.6,1.77,1.6,47,47,47,47,47,47,7,47,1,0,18,2,5,21,0,0.02,0,0.38,0.04,0.11,0.45,0
1047,1,2.9,1.58,50,4.64,1.35,50,4.86,1.26,50,4.92,1.24,50,4.04,1.47,50,5.73,1.19,49,5.36,1.6,50,3.86,1.65,50,5.16,1.08,50,0,50,0,1,0,0,50,1,5.32,1.88,4.6,3.16,4.2,3.26,1.39,1.41,1.6,1.84,1.56,1.82,50,50,50,50,50,50,1,50,27,0,11,2,8,1,1,0.54,0,0.22,0.04,0.16,0.02,0.02
1048,1,2.66,1.58,61,5.1,1.06,61,5.33,0.91,61,5.48,0.94,61,5.25,1.03,61,5.74,0.81,61,5.51,1.41,61,4.47,1.28,60,5.82,0.99,61,0,61,0,1,0,0,61,1,4.52,2.13,5.07,3.11,4.66,3.02,1.71,1.42,1.41,1.81,1.76,1.66,61,61,61,61,61,61,3,61,20,1,21,2,15,0,2,0.33,0.02,0.34,0.03,0.25,0,0.03
1049,1,2.92,1.44,52,4.67,1.47,51,4.83,1.28,52,4.63,1.67,52,5.08,1.31,52,4.94,1.18,52,4.17,2.08,52,3.17,1.18,52,5.85,1.09,52,0,51,1,0.98,0,0.02,52,1,2.58,2.71,6.04,3.54,4.04,2.5,1.45,1.91,1.1,1.82,1.73,1.42,52,52,52,52,52,52,3,52,0,2,38,5,6,1,0,0,0.04,0.73,0.1,0.12,0.02,0
1050,1,3.68,1.47,56,4.09,1.23,56,4.43,1.28,56,4.2,1.35,56,4.7,1.25,56,5.13,0.99,56,4.18,1.54,56,3.91,1.43,56,5.75,0.96,56,0,56,0,1,0,0,56,1,1.98,2.29,4.98,2.82,4.32,4.79,1.33,1.38,1.75,1.72,1.73,1.63,56,56,56,56,56,56,3,56,0,0,31,0,7,18,0,0,0,0.55,0,0.13,0.32,0
1051,1,2.4,1.5,43,4.28,1.22,43,4.77,1.29,43,4.53,1.5,43,3.95,1.34,43,4.98,0.96,43,4.21,1.68,43,3.84,1.59,43,5.12,1.05,43,1,42,0,0.98,0.02,0,43,1,3.58,1.88,3.37,2.28,4.05,5.53,1.97,1.45,1.84,1.53,1.93,1.53,43,43,43,43,43,43,7,43,5,0,5,0,11,22,0,0.12,0,0.12,0,0.26,0.51,0
1052,1,3,1.73,58,4.45,1.57,58,4.83,1.46,58,4.57,1.58,58,3.76,1.23,58,5.4,0.99,58,4.98,1.38,58,2.81,1.59,58,3.24,1.17,58,57,0,1,0,0.98,0.02,58,2,1.59,1.5,3.02,2.41,2.55,6.55,1.12,1.16,1.82,1.76,1.58,1.13,58,58,58,58,58,58,7,58,0,0,3,1,2,52,0,0,0,0.05,0.02,0.03,0.9,0
1053,1,3.06,1.78,52,5.42,1.21,52,4.85,1.21,52,5.65,1.2,52,4.63,1.24,52,6.13,0.91,52,5.81,1.41,52,3.69,1.49,52,5.63,1.1,52,1,51,0,0.98,0.02,0,52,1,2.13,2.79,5.63,3.19,4.65,3.25,1.36,1.68,1.5,1.62,1.6,1.71,52,52,52,52,52,52,3,52,0,4,39,2,5,2,0,0,0.08,0.75,0.04,0.1,0.04,0
1054,1,2.09,1.38,45,4.73,1.75,45,5.02,1.51,45,5.07,1.56,45,4,1.61,45,5.96,0.9,45,5.64,1.28,45,3.98,1.36,45,5.42,1.01,45,1,44,0,0.98,0.02,0,45,1,4.82,1.96,3.27,2.89,3.84,4.31,1.79,1.4,1.7,1.69,1.83,1.69,45,45,45,44,45,45,1,45,23,0,1,3,10,8,0,0.51,0,0.02,0.07,0.22,0.18,0
1055,1,3.07,1.78,41,4.66,1.42,41,4.61,1.46,41,4.83,1.5,41,3.68,1.49,41,5.44,1.14,41,5.05,1.73,41,3.85,1.59,41,3,1.12,41,41,0,0,0,1,0,41,2,3.88,1.73,4.15,3.44,4.54,4.39,1.79,1.18,1.75,1.69,1.55,1.9,41,41,41,41,41,41,7,41,6,1,3,2,14,15,0,0.15,0.02,0.07,0.05,0.34,0.37,0
1056,1,2.95,1.67,59,5.07,1.38,59,5.12,1.13,59,5.56,1.16,59,5.59,0.77,59,6.22,0.62,59,6.14,0.84,59,3.83,1.39,59,6.15,0.71,59,2,57,0,0.97,0.03,0,59,1,2.98,2.29,5.58,3.64,4.66,4.05,1.63,1.43,1.23,1.64,1.58,1.7,59,59,59,59,59,59,3,59,4,0,38,0,8,8,1,0.07,0,0.64,0,0.14,0.14,0.02
1057,1,2.67,1.38,51,4.82,1.14,51,5.25,1.06,51,4.86,1.08,51,5.04,1.2,51,5.22,0.81,51,4.57,1.77,51,3.96,1.41,50,5.67,0.74,51,1,50,0,0.98,0.02,0,51,1,5.78,2.18,4.2,2.65,4.69,3.02,1.28,1.44,1.69,1.61,1.33,1.64,50,51,51,51,51,51,1,51,34,1,13,1,1,0,1,0.67,0.02,0.25,0.02,0.02,0,0.02
1058,1,4.5,1.38,48,4.96,1.44,48,5.09,1.12,47,5.4,1.14,48,5.04,1.05,48,6.08,0.87,48,6.08,0.96,48,3.02,1.68,48,2.27,0.94,48,48,0,0,0,1,0,48,2,1.9,6.38,2.38,2.15,3.35,1.94,1.43,1.08,1.52,1.47,1.64,1.41,48,48,48,48,48,47,2,48,0,47,0,0,1,0,0,0,0.98,0,0,0.02,0,0
1059,1,2.68,1.53,56,4.13,1.31,56,4.29,1.34,56,4.46,1.32,56,3.82,1.4,56,4.79,0.99,56,4.27,1.46,56,4.24,1.04,55,4.43,1.33,56,9,46,1,0.82,0.16,0.02,56,1,2.64,2.27,5.59,3.63,4.73,3.23,1.73,1.67,1.01,1.86,1.53,1.82,55,56,56,56,56,56,3,56,0,1,38,4,9,2,2,0,0.02,0.68,0.07,0.16,0.04,0.04
1060,1,3.08,1.81,49,5.08,1.24,50,5.04,1.03,50,5.56,1.11,50,4.42,1.25,50,6.06,0.74,50,5.92,1.08,50,2.26,1.48,50,5.34,1,50,1,49,0,0.98,0.02,0,50,1,1.66,6.6,2.4,2.02,3.52,1.63,1.08,0.7,1.56,1.31,1.75,1.09,50,50,50,49,50,49,2,50,0,49,0,0,0,1,0,0,0.98,0,0,0,0.02,0
1061,1,3.58,1.81,62,5.29,1.14,62,5.37,1.09,62,5.48,1.16,62,5.4,1.09,62,6.1,0.82,62,5.87,1.17,62,3.18,1.56,62,5.87,0.91,62,0,62,0,1,0,0,62,1,1.87,6.35,3.27,2.44,4.27,2.35,1.11,1.04,1.69,1.58,1.87,1.61,62,62,62,62,62,62,2,62,0,59,0,0,3,0,0,0,0.95,0,0,0.05,0,0
1062,1,2.59,1.62,54,5.04,1.21,54,5.11,0.98,54,5.5,1.09,54,4.83,0.96,53,6,0.82,54,6.04,1.24,54,3.87,1.52,54,5.43,0.96,54,0,54,0,1,0,0,54,1,3.24,1.91,5.67,2.98,4.24,3.35,1.84,1.23,1.3,1.67,1.73,1.82,54,54,54,54,54,54,3,54,5,1,34,1,7,6,0,0.09,0.02,0.63,0.02,0.13,0.11,0
1063,1,2.62,1.42,53,5,1.24,53,5.09,1.27,53,5.45,1.03,53,5.7,0.97,53,5.87,0.62,53,5.64,1.43,53,3.81,1.4,53,6.21,0.79,53,0,53,0,1,0,0,53,1,1.85,1.49,4.72,2.92,3.87,5.75,1.15,0.87,1.51,1.62,1.68,1.24,53,53,53,53,53,53,7,53,0,0,15,1,8,29,0,0,0,0.28,0.02,0.15,0.55,0
1064,1,4.47,1.57,64,4.36,1.47,64,4.38,1.34,64,4.84,1.37,64,4.97,1.33,64,5.75,0.93,64,N/A,N/A,N/A,4,1.61,63,2.31,0.81,64,63,1,0,0.02,0.98,0,64,2,2.63,3.8,5.98,2.66,5.05,2.81,1.78,1.93,1.06,1.63,1.7,1.74,64,64,64,64,64,64,3,64,0,7,41,1,15,0,0,0,0.11,0.64,0.02,0.23,0,0
1065,1,2.59,1.41,54,5.4,0.99,53,5.44,0.95,54,5.48,1.21,54,5.19,1.18,54,5.94,0.71,54,5.81,1.3,54,3.41,1.49,54,5.74,0.83,54,0,54,0,1,0,0,54,1,6.3,1.78,2.63,2.46,3.59,2.26,0.96,1.16,1.55,1.44,1.51,1.28,54,54,54,54,54,54,1,54,51,0,1,1,1,0,0,0.94,0,0.02,0.02,0.02,0,0
1066,1,3.57,1.74,54,4.15,1.16,54,4.39,1.02,54,3.51,1.35,53,4.54,1.08,54,4,0.97,54,2.67,2.15,54,3.89,1.34,54,5.3,0.84,54,1,53,0,0.98,0.02,0,54,1,2.46,2.69,5.57,3.51,4.76,4.3,1.57,1.54,1.31,1.51,1.84,1.57,54,54,54,53,54,54,3,54,0,1,34,3,10,6,0,0,0.02,0.63,0.06,0.19,0.11,0
1067,1,3.17,1.74,59,5.22,1.19,59,5.1,1.27,59,5.73,0.98,59,5.17,1.39,59,6.31,0.79,59,6.2,1.35,59,2.9,1.81,59,5.81,0.73,59,1,58,0,0.98,0.02,0,59,1,1.97,6.53,2.61,2.17,4.46,2.56,1.54,0.63,1.53,1.45,1.49,1.74,59,59,59,59,59,59,2,59,0,56,0,0,2,1,0,0,0.95,0,0,0.03,0.02,0
1068,1,2.75,1.72,51,4.92,1.18,51,5.22,1.24,51,4.49,1.32,51,4.61,1.27,51,5.08,0.91,51,4.73,1.54,51,2.67,1.74,51,5.65,1.02,51,2,49,0,0.96,0.04,0,51,1,6.57,1.76,2.57,2.39,3.29,2.56,0.67,1.31,1.59,1.61,1.74,1.59,51,51,51,51,51,50,1,51,48,0,0,0,0,2,1,0.94,0,0,0,0,0.04,0.02
1069,1,2.37,1.54,43,4.56,1.4,43,4.35,1.4,43,4.84,1.53,43,3.74,1.5,43,5.6,0.98,43,4.98,1.96,43,4.26,1.38,43,4.56,1.48,43,2,41,0,0.95,0.05,0,43,1,2.23,5.09,4.42,3.02,5.14,2.81,1.46,1.73,1.91,1.77,1.92,1.71,43,43,43,43,43,43,N/A,43,0,14,12,1,14,0,2,0,0.33,0.28,0.02,0.33,0,0.05
1070,1,2.29,1.17,55,4.55,1.39,55,4.95,1.18,55,4.6,1.58,55,4.04,1.17,55,5.18,1.25,55,4.27,1.93,55,3.62,1.27,55,2.89,1.08,55,54,1,0,0.02,0.98,0,55,2,5.84,2.49,4.07,2.58,4.44,2.64,1.17,1.5,1.63,1.46,1.55,1.58,55,55,55,55,55,55,1,55,37,1,8,0,9,0,0,0.67,0.02,0.15,0,0.16,0,0
1071,1,2.72,1.79,53,3.91,1.52,53,4.23,1.28,53,3.91,1.55,53,3.83,1.38,53,4.19,1.39,53,3.51,1.85,53,3.13,1.6,52,5,1.09,53,1,51,1,0.96,0.02,0.02,53,1,1.81,1.66,3.53,2.79,3.09,6,1.33,1.41,1.79,1.75,1.63,1.37,53,53,53,53,53,53,7,53,1,1,4,2,3,42,0,0.02,0.02,0.08,0.04,0.06,0.79,0
1072,1,3.25,1.8,53,4.89,1.49,53,5.26,1.2,53,5.36,1.44,53,5.23,1.19,53,5.6,1.29,53,5.42,1.83,53,3.88,1.5,52,5.77,0.99,53,0,53,0,1,0,0,53,1,3.57,3.08,5.42,3.09,4.7,3.04,2,1.85,1.71,1.7,1.79,1.73,53,53,53,53,53,53,3,53,8,2,29,0,14,0,0,0.15,0.04,0.55,0,0.26,0,0
1073,1,2.57,1.65,47,5.17,1.26,47,5.3,1,47,5.72,1.14,47,4.96,1.04,47,5.98,0.71,47,5.77,1.29,47,3.7,1.69,47,6.02,0.74,47,0,47,0,1,0,0,47,1,5.04,1.57,3.53,2.21,4.26,3.83,1.83,1.04,1.82,1.38,2.11,1.88,47,47,47,47,47,47,1,47,23,0,4,0,13,7,0,0.49,0,0.09,0,0.28,0.15,0
1074,1,2.73,1.64,41,4.39,1.39,41,4.34,1.37,41,4.49,1.34,41,3.93,1.31,41,5.34,1.04,41,4.83,1.45,41,4,1.47,41,2.73,0.95,41,41,0,0,0,1,0,41,2,2.66,1.9,5.63,3.39,4.61,3.88,1.81,1.43,1.02,1.74,1.61,1.79,41,41,41,41,41,41,3,41,0,1,25,3,7,5,0,0,0.02,0.61,0.07,0.17,0.12,0
1075,1,2.54,1.76,48,4.83,1.17,48,4.88,1.2,48,5.1,1.04,48,4.67,1.04,48,5.33,0.95,48,5,1.49,48,4.19,1.3,48,5.38,0.84,48,0,48,0,1,0,0,48,1,2.31,2.19,4.42,4.02,4.63,5.02,1.49,1.75,1.65,1.54,1.54,1.34,48,48,48,48,48,48,7,48,1,2,14,8,8,15,0,0.02,0.04,0.29,0.17,0.17,0.31,0
1076,1,3.55,1.77,40,4.53,1.41,40,4.58,1.32,40,4.93,1.58,40,5.7,1.04,40,5.15,1,40,4.73,1.84,40,3.78,1.58,40,6.33,0.57,40,0,40,0,1,0,0,40,1,2.73,2.15,6.33,3.05,4.63,2.95,1.8,1.72,0.89,1.75,1.56,1.6,40,40,40,40,40,40,3,40,0,0,37,0,3,0,0,0,0,0.93,0,0.08,0,0
1077,1,3.36,1.73,45,4.49,1.44,45,5.31,1,45,4.98,1.12,45,4.67,1.24,45,5.47,1.04,45,5.14,1.52,44,4.11,1.47,45,5.29,0.92,45,0,45,0,1,0,0,45,1,4.96,1.96,4.29,2.98,4.96,4.31,1.66,1.41,1.53,1.6,1.43,1.81,45,45,45,45,45,45,1,45,18,1,3,1,13,8,1,0.4,0.02,0.07,0.02,0.29,0.18,0.02
1078,1,2.53,1.21,55,4.04,1.43,55,4.45,1.4,55,4.09,1.49,55,4.36,1.34,55,4.64,1.25,55,4.13,1.71,55,3.38,1.58,55,5.47,0.92,55,0,55,0,1,0,0,55,1,1.95,1.78,3.91,2.65,3.69,5.91,1.31,1.15,1.69,1.51,1.78,0.95,55,55,55,55,55,55,7,55,0,0,9,0,8,38,0,0,0,0.16,0,0.15,0.69,0
1079,1,2.26,1.35,58,5.22,1.23,58,5.07,1.27,58,5.19,1.32,58,4.69,1.29,58,5.52,0.9,58,5.28,1.47,58,3.83,1.3,58,5.47,0.99,58,0,58,0,1,0,0,58,1,4.03,1.71,3.78,2.62,4.5,4.88,2.16,1.23,1.77,1.57,1.83,1.72,58,58,58,58,58,58,7,58,17,0,7,0,16,18,0,0.29,0,0.12,0,0.28,0.31,0
1080,1,3.78,1.77,45,4.16,1.55,45,4.4,1.4,45,4.33,1.46,45,5.58,0.87,45,4.96,0.95,45,4.31,1.59,45,3.96,1.41,45,5.84,0.71,45,0,45,0,1,0,0,45,1,2.73,2.4,5.24,3.31,4.69,4.36,1.64,1.39,1.55,1.74,1.52,1.79,45,45,45,45,45,45,3,45,3,0,21,3,12,6,0,0.07,0,0.47,0.07,0.27,0.13,0
1081,1,3.47,1.67,43,3.65,1.27,43,3.98,1.3,43,3.14,1.23,43,4.44,1.37,43,3.21,1.12,43,2.33,1.49,43,4.05,1.23,43,5.02,1.22,43,0,43,0,1,0,0,43,1,2.51,2.47,5.93,4.02,4.53,2.98,1.72,1.42,1.4,1.93,1.68,1.58,43,43,43,43,43,43,3,43,1,0,34,6,2,0,0,0.02,0,0.79,0.14,0.05,0,0
1082,1,3.17,1.49,52,4.51,1.35,51,4.63,1.17,52,4.19,1.44,52,4.27,1.37,52,4.41,1.19,51,3.13,2.09,52,4.27,1.07,52,4.54,1.2,52,0,51,1,0.98,0,0.02,52,1,2.35,3.54,5.62,3.54,5.06,3.33,1.41,1.6,1.19,1.82,1.49,1.44,52,52,52,52,52,52,3,52,0,1,32,5,12,2,0,0,0.02,0.62,0.1,0.23,0.04,0
1083,1,3.14,1.67,50,4.2,1.31,50,4.7,1.09,50,4.1,1.27,50,4.68,1.13,50,4.86,0.95,50,3.88,1.61,50,2.4,1.68,50,5.6,0.7,50,1,49,0,0.98,0.02,0,50,1,1.9,1.64,2.56,2.16,2.68,6.64,1.36,1.17,1.63,1.38,1.58,0.66,50,50,50,50,50,50,7,50,0,1,0,1,0,48,0,0,0.02,0,0.02,0,0.96,0
1084,1,3.21,1.53,62,4.55,1.07,62,4.81,1.17,62,4.84,1.24,62,5.08,1.01,62,4.87,1.12,62,4.39,1.7,62,3.61,1.3,62,5.52,1.07,62,0,62,0,1,0,0,62,1,2.68,1.92,5.13,3.18,4.27,4.53,1.6,1.14,1.62,1.64,1.63,1.76,62,62,62,62,62,62,3,62,3,0,30,2,9,18,0,0.05,0,0.48,0.03,0.15,0.29,0
1085,1,2.74,1.6,54,4.48,1.19,54,4.78,1.08,54,4.54,1.28,54,4.89,1.31,54,5,0.91,54,4.43,1.46,54,3.96,1.21,54,5.61,1,54,0,54,0,1,0,0,54,1,2.52,1.91,5.28,4.61,4.35,3.43,1.54,1.22,1.41,1.68,1.89,1.85,54,54,54,54,54,54,3,54,0,0,29,14,7,3,1,0,0,0.54,0.26,0.13,0.06,0.02
1086,1,2.53,1.55,58,5.02,1.21,59,5.07,1.16,59,5.14,1.25,59,4.85,1.32,59,5.49,0.99,59,5.31,1.43,59,3.75,1.54,59,5.83,0.85,59,0,59,0,1,0,0,59,1,2.37,1.88,4.97,3.83,4.36,4.59,1.36,1.19,1.41,1.45,1.77,1.94,59,59,59,59,59,59,3,59,0,0,19,6,16,18,0,0,0,0.32,0.1,0.27,0.31,0
1087,1,2.67,1.61,49,5.02,1.45,49,4.81,1.33,48,5.43,1.37,49,3.69,1.49,49,5.94,1.27,49,5.49,1.61,49,4.22,1.53,49,5.04,1.06,49,0,49,0,1,0,0,49,1,2.51,4.27,4.88,2.78,5.08,3.45,1.49,1.64,1.59,1.57,1.5,1.84,49,49,49,49,49,49,3,49,0,9,19,1,18,2,0,0,0.18,0.39,0.02,0.37,0.04,0
1088,1,2.33,1.41,54,5.17,1.44,54,5.37,1.15,54,5.44,1.3,54,4.91,1.05,54,5.57,1.07,53,5.57,1.34,54,3.72,1.34,54,5.74,0.96,54,1,53,0,0.98,0.02,0,54,1,3.04,2.02,5.54,3.54,4.65,3.61,1.72,1.28,1.09,1.72,1.42,1.75,54,54,54,54,54,54,3,54,4,0,32,5,8,4,1,0.07,0,0.59,0.09,0.15,0.07,0.02
1089,1,3.29,1.7,48,5.04,1.24,48,5.23,1.21,48,5.23,1.15,48,5,1.09,48,5.4,0.87,48,5.31,1.17,48,4.14,1.21,49,5.12,1.2,49,0,47,2,0.96,0,0.04,49,1,3.18,2.39,5,4.1,4.47,4.02,1.59,1.48,1.4,1.57,1.72,1.55,49,49,49,49,49,49,3,49,1,1,26,5,10,5,1,0.02,0.02,0.53,0.1,0.2,0.1,0.02
1090,1,3.31,1.46,48,4.35,1,48,4.54,1.03,48,4.75,1.04,48,4.29,1.24,48,5.5,0.8,48,5.02,1.34,48,3.85,1.47,48,3.19,1.25,48,48,0,0,0,1,0,48,2,2.27,1.63,5.25,3.29,4.17,4.38,1.48,1.1,1.67,1.73,1.75,1.92,48,48,48,48,48,48,3,48,0,1,29,1,4,13,0,0,0.02,0.6,0.02,0.08,0.27,0
1091,1,3.61,1.6,46,4.13,1.29,46,4.65,1.14,46,4.07,1.36,46,4.54,1.24,46,4.8,1.05,46,3.96,1.94,46,3.28,1.53,46,2.22,1.11,46,46,0,0,0,1,0,46,2,1.61,1.65,3.04,3.67,3.33,6.15,1,1.22,1.86,1.84,1.85,0.97,46,46,46,46,46,46,7,46,0,0,3,2,6,35,0,0,0,0.07,0.04,0.13,0.76,0
1092,1,3.22,1.81,60,3.82,1.42,60,3.75,1.32,60,4.15,1.48,60,3.2,1.16,60,4.73,1.2,59,3.9,1.78,60,3.07,1.39,59,2.8,1.05,60,48,11,1,0.18,0.8,0.02,60,2,1.7,1.78,3.07,2.13,3.1,6.05,1.27,1.24,1.95,1.49,1.91,1.31,60,60,60,60,60,60,7,60,0,1,4,0,7,48,0,0,0.02,0.07,0,0.12,0.8,0
1093,1,3.93,1.85,40,4.23,1.54,40,4.58,1.15,40,4.26,1.71,39,3.85,1.25,40,5.13,1.32,39,4.28,2.03,40,2.13,1.47,40,4.43,1.48,40,0,40,0,1,0,0,40,1,1.38,1.3,2.1,1.7,2.13,6.85,0.87,0.72,1.37,1.16,1.2,0.36,40,40,40,40,40,40,7,40,0,0,0,0,0,40,0,0,0,0,0,0,1,0
1094,1,2.47,1.5,60,4.77,1.42,60,4.82,1.32,60,5.23,1.29,60,5.35,0.82,60,5.87,0.93,60,5.4,1.43,60,3.17,1.6,60,5.85,0.84,60,0,60,0,1,0,0,60,1,2.31,1.7,3.95,3.03,3.47,5.65,1.68,1.37,1.93,1.97,2,1.74,59,60,60,60,60,60,7,60,2,0,8,3,7,40,0,0.03,0,0.13,0.05,0.12,0.67,0
1095,1,2.88,1.77,52,5.08,1.3,52,5.31,1.25,52,4.94,1.42,52,4.75,1.34,52,5.38,0.99,52,4.42,1.83,52,3.92,1.51,52,5.73,1.01,52,0,52,0,1,0,0,52,1,2.08,1.77,5.25,3.33,4.19,4.25,1.25,1.23,1.69,1.8,1.73,2.03,52,52,52,52,52,52,3,52,1,0,29,3,7,12,0,0.02,0,0.56,0.06,0.13,0.23,0
1096,1,3.28,1.68,68,4.34,1.5,68,4.63,1.14,68,4.62,1.33,68,4.68,1.09,68,5.29,0.95,68,4.81,1.56,68,3.73,1.57,67,5.65,0.91,68,1,67,0,0.99,0.01,0,68,1,2.12,2.01,4.15,3.47,4.07,5.41,1.38,1.39,1.7,1.67,1.73,1.72,68,68,68,68,67,68,7,68,1,1,13,5,11,37,0,0.01,0.01,0.19,0.07,0.16,0.54,0
1097,1,2.65,1.68,52,4.44,1.49,52,4.44,1.3,52,4.87,1.46,52,5.25,1.2,52,5.4,1,52,4.96,1.61,51,4,1.44,52,6.1,0.82,52,0,52,0,1,0,0,52,1,2.18,1.86,5.12,3.41,4.53,5.02,1.37,1.33,1.41,1.72,1.43,1.52,51,51,51,51,51,51,3,52,0,1,27,3,6,15,0,0,0.02,0.52,0.06,0.12,0.29,0
1098,1,2.63,1.53,52,4.73,1.19,52,4.75,1.22,52,4.67,1.35,52,4.35,1.3,52,5.29,1,52,4.25,1.81,52,3.71,1.4,52,5.75,0.99,52,0,52,0,1,0,0,52,1,3.02,1.71,5.96,2.48,4.58,3.08,1.8,1.12,1.1,1.5,1.68,1.64,52,51,52,52,52,52,3,52,4,0,40,0,6,2,0,0.08,0,0.77,0,0.12,0.04,0
1099,1,2.47,1.36,49,4.22,1.26,49,4.02,1.11,49,3.98,1.44,49,4.04,1.26,49,4.27,1.02,49,3.76,1.66,49,3.55,1.23,49,5.14,1.1,49,0,49,0,1,0,0,49,1,2.41,1.96,5.04,4.41,4.29,3.22,1.4,1.09,1.44,1.72,1.49,1.74,49,48,49,49,49,49,3,49,1,0,27,15,3,3,0,0.02,0,0.55,0.31,0.06,0.06,0
1100,1,3.16,1.56,49,4.94,1.43,49,5.12,1.13,49,5.12,1.27,49,5.06,1.07,49,5.67,1,48,5.02,1.42,49,3.67,1.57,49,5.58,1.01,48,0,49,0,1,0,0,49,1,2.53,1.98,5.67,4.31,4.86,3.71,1.53,1.25,1.07,1.75,1.22,1.73,49,49,49,49,49,49,3,49,2,0,25,12,7,2,1,0.04,0,0.51,0.24,0.14,0.04,0.02
1101,1,2.97,1.85,37,5,1.13,37,5.24,1.09,37,5.19,1.17,37,4.97,1.09,37,5.78,0.82,37,5.11,1.66,37,2.86,1.62,37,5.84,0.73,37,0,37,0,1,0,0,37,1,1.65,1.68,3.3,2.57,3.62,6.22,1.11,1.33,1.73,1.77,1.83,0.82,37,37,37,37,37,37,7,37,0,1,0,0,3,32,1,0,0.03,0,0,0.08,0.86,0.03
1102,1,3.56,1.75,43,5.12,1.05,43,5.02,1.08,43,5.74,0.9,43,4.88,1.1,43,6.49,0.59,43,6.33,0.81,43,4.23,1.17,43,2.88,1.03,43,43,0,0,0,1,0,43,2,4.67,1.74,4.58,3,4.93,2.88,1.77,0.98,1.75,1.62,1.62,1.69,43,43,43,43,43,43,1,43,16,0,11,2,14,0,0,0.37,0,0.26,0.05,0.33,0,0
1103,1,2.53,1.38,53,5.21,1.25,53,5.62,0.97,53,5.43,1.32,53,4.45,0.95,53,5.53,0.95,53,5.21,1.46,53,4.06,1.6,53,4.98,1.18,53,4,47,2,0.89,0.08,0.04,53,1,2.89,2.49,4,5.94,4.38,2.81,1.79,1.55,1.73,1.2,1.83,1.58,53,53,53,53,53,53,4,53,0,0,2,44,6,1,0,0,0,0.04,0.83,0.11,0.02,0
1104,1,2.9,1.48,42,4.38,1.32,42,4.55,1.37,42,4.74,1.27,42,3.57,1.31,42,5.19,0.92,42,4.64,1.5,42,3.74,1.45,42,3.12,1.17,42,42,0,0,0,1,0,42,2,5.57,1.83,3.4,2.48,4.36,4.1,1.21,1.25,2,1.49,1.91,1.85,42,42,42,42,42,42,1,42,21,0,3,0,11,7,0,0.5,0,0.07,0,0.26,0.17,0
1105,1,2.98,1.58,56,5.18,1.11,56,5.38,1.15,56,5.2,1.03,56,5.11,1.04,56,5.93,0.6,56,5.55,1.29,56,4.05,1.53,56,5.66,0.92,56,0,56,0,1,0,0,56,1,5.05,1.57,3.14,2.44,4.68,4.82,1.74,1.08,1.6,1.37,1.91,1.63,56,56,56,55,56,56,5,56,17,0,1,1,22,15,0,0.3,0,0.02,0.02,0.39,0.27,0
1106,1,2.35,1.42,46,5.2,1.13,46,5.48,1.11,46,5.72,1.17,46,5.37,1.24,46,6.17,0.74,46,5.96,1.05,46,2.89,1.51,46,6.3,0.73,46,0,46,0,1,0,0,46,1,6.5,1.41,2.65,2.29,3.5,2.91,0.62,0.8,1.73,1.49,1.86,1.8,46,46,46,45,46,46,1,46,39,0,0,0,7,0,0,0.85,0,0,0,0.15,0,0
1107,1,3.24,1.45,42,4.48,1.38,42,4.5,0.99,42,5.1,1.05,42,4.4,1.13,42,5.57,0.77,42,5.5,1.15,42,3.88,1.51,40,5.45,1.09,42,0,42,0,1,0,0,42,1,2.45,2.88,6,3.24,4.55,3.17,1.38,1.6,1.08,1.64,1.56,1.56,42,42,42,42,42,42,3,42,0,0,34,0,6,1,1,0,0,0.81,0,0.14,0.02,0.02
1108,1,3.24,1.66,51,5.31,1.19,51,5.25,1.18,51,5.92,1.09,51,5.92,0.74,51,6.39,0.67,51,6.29,0.97,51,3.78,1.45,51,6.22,0.61,51,0,51,0,1,0,0,51,1,5.78,1.65,3.84,2.42,4.31,3.29,1.39,1.09,1.64,1.49,1.73,1.92,51,51,51,50,51,51,1,51,37,1,3,1,7,2,0,0.73,0.02,0.06,0.02,0.14,0.04,0
1109,1,2.79,1.53,47,4.66,1.42,47,4.72,1.23,47,4.74,1.33,47,4.45,1,47,5.15,1,47,4.53,1.59,47,4.38,1.31,47,5.17,1.11,47,0,47,0,1,0,0,47,1,2.21,2.57,4.68,3.34,4.49,4.85,1.3,1.77,1.48,1.75,1.83,1.25,47,47,47,47,47,47,5,47,0,2,6,3,20,15,1,0,0.04,0.13,0.06,0.43,0.32,0.02
1110,1,2.44,1.55,43,5.26,1.5,43,5.53,1.22,43,5.44,1.14,43,4.86,1.34,43,5.95,1,43,5.6,1.38,43,3.12,1.8,42,5.77,0.78,43,0,43,0,1,0,0,43,1,6.49,1.84,2.44,2.42,3.79,2.95,1.01,1.46,1.61,1.65,1.96,1.75,43,43,43,43,43,43,1,43,40,1,0,0,2,0,0,0.93,0.02,0,0,0.05,0,0
